published_at,cve,severity,score,status,cwe,references,description
2026-09-25T11:17:01.203Z,CVE-2026-27867,MEDIUM,4.8,Received,CWE-79,5,"An attacker with access via network to the Regesta Smart HD-PLC of the provider Teldat (in this case, registration action is required) who has the vulnerable firmware version could inject a specific payload via the parameter ""cmdcookie"" withing the /upgrade/index.html resulting in to a Cross-Site S…"
2026-09-25T11:17:02.163Z,CVE-2026-97228,LOW,2.7,Received,CWE-943,1,"Rapid7 Bulk Export MCP versions 0.2.5 through 0.6.1 suffer from a GraphQL query injection issue in the export-status component (`get_export_status` in `src/export_manager.py`), whereby the `export_id` value — an unvalidated MCP tool argument reaching the function via the `check_rapid7_export_status…"
2026-09-25T11:17:02.297Z,CVE-2026-97522,,,Received,,4,"In the Linux kernel, the following vulnerability has been resolved: mptcp: fix bad accounting in __mptcp_subflow_push_pending() If __subflow_push_pending() errors out we should avoid updating the copied byte counters, to avoid mismatch push call later on."
2026-09-25T11:17:02.407Z,CVE-2026-97523,,,Received,,4,"In the Linux kernel, the following vulnerability has been resolved: mptcp: close race between scheduler and state change The mptcp scheduler may race with subflow sockets state change: data transmission on the selected socket may fail and a later release could try to use mss_now reset to 0 for a di…"
2026-09-25T11:17:02.52Z,CVE-2026-97524,,,Received,,4,"In the Linux kernel, the following vulnerability has been resolved: mptcp: avoid unneeded actions on subflow reset Once in a blue moon, the mptcp receive path can recursively call mptcp_data_ready() via state change under unlucky error conditions, and then try to hold the data lock again. Break the…"
2026-09-25T11:17:02.647Z,CVE-2026-97525,,,Received,,3,"In the Linux kernel, the following vulnerability has been resolved: x86/mm/pat: Allocate split page tables as kernel page tables A PTE is allocated directly without going through the standard page table allocation routines (such as pte_alloc_one_kernel()) when the CPA code splits a large page (__sp…"
2026-09-25T11:17:02.767Z,CVE-2026-97526,,,Received,,2,"In the Linux kernel, the following vulnerability has been resolved: s390/pai: Support CPU hotplug for PMU PAI The command 'perf stat -e pai_crypto/CRYPTO_ALL/ -- <command>' crashes the kernel when CPUs are hotplug added during that run. Root cause is the missing allocation of per-CPU data structure…"
2026-09-25T11:17:02.873Z,CVE-2026-97527,,,Received,,3,"In the Linux kernel, the following vulnerability has been resolved: scsi: qla2xxx: Serialize NVMe unsol ctx list with a per-fcport lock The fcport->unsol_ctx_head list is modified from several contexts without a common lock. Entries are added in qla2xxx_process_purls_iocb() from the response queue…"
2026-09-25T11:17:02.98Z,CVE-2026-97528,,,Received,,3,"In the Linux kernel, the following vulnerability has been resolved: scsi: qla2xxx: Unlink NVMe unsol ctx before freeing on LS reject error qla_nvme_xmt_ls_rsp() obtains uctx, which was linked into fcport->unsol_ctx_head by qla2xxx_process_purls_iocb() and is still linked when the NVMe transport cal…"
2026-09-25T11:17:03.087Z,CVE-2026-97529,,,Received,,3,"In the Linux kernel, the following vulnerability has been resolved: scsi: qla2xxx: Validate BSG request_len before reading vendor_cmd[] The FC BSG transport allocates job->request via memdup_user() using the exact user-supplied request_len. For FC_BSG_HST_VENDOR, fc_bsg_host_dispatch() only guarant…"
2026-09-25T11:17:03.2Z,CVE-2026-97530,,,Received,,3,"In the Linux kernel, the following vulnerability has been resolved: scsi: qla2xxx: Fix soft lockup polling continuation IOCB signature qla27xx_copy_multiple_pkt() and qla27xx_copy_fpin_pkt() poll rsp_q->ring_ptr->signature for RESPONSE_PROCESSED (0xDEADDEAD) to decide whether the next continuation…"
2026-09-25T11:17:03.307Z,CVE-2026-97531,,,Received,,3,"In the Linux kernel, the following vulnerability has been resolved: scsi: qla2xxx: Skip vport under deletion in report ID acquisition qla24xx_report_id_acquisition() format-1 handling walks ha->vp_list under vport_slock, takes a vref_count on the matching vport and calls qla_update_host_map() to re…"
2026-09-25T11:17:03.413Z,CVE-2026-97532,,,Received,,3,"In the Linux kernel, the following vulnerability has been resolved: scsi: qla2xxx: Null out freed pointers in qla2x00_mem_alloc() error path When qla2x00_mem_alloc() fails, qla2x00_probe_one() jumps to probe_hw_failed and calls qla2x00_mem_free(). Several error labels in qla2x00_mem_alloc() freed a…"
2026-09-25T11:17:03.52Z,CVE-2026-97533,,,Received,,3,"In the Linux kernel, the following vulnerability has been resolved: x86/mm/pat: Acquire init_mm read lock on attribute changes to avoid UAF A previous commit protected against races between ptdump and CPA collapse, however one still exists between attribute changes and collapse as reported by Denis…"
2026-09-25T11:17:03.643Z,CVE-2026-97534,,,Received,,3,"In the Linux kernel, the following vulnerability has been resolved: f2fs: accurately adjust free_sections during free_segment_range In free_segment_range(), MAIN_SECS(sbi) is temporarily reduced by `secs` to restrict block allocation to the safe remaining main area while valid blocks in the truncat…"
2026-09-25T11:17:03.757Z,CVE-2026-97535,,,Received,,3,"In the Linux kernel, the following vulnerability has been resolved: scsi: qla2xxx: Bound VP index against VP_CTRL IOCB bitmap size The VP control IOCB selects its target virtual port by setting one bit in vp_idx_map, a fixed 16-byte (128-bit) array in both vp_ctrl_entry_24xx and vp_ctrl_entry_24xx_…"
2026-09-25T11:17:03.863Z,CVE-2026-97536,,,Received,,3,"In the Linux kernel, the following vulnerability has been resolved: scsi: qla2xxx: Fix use-after-free of qpair work on queue teardown The response queue MSI-X handler qla2xxx_msix_rsp_q() schedules qla_do_work() via queue_work(ha->wq, &qpair->q_work). qla_do_work() dereferences the qpair (vha, rsp)…"
2026-09-25T11:17:03.973Z,CVE-2026-97537,,,Received,,3,"In the Linux kernel, the following vulnerability has been resolved: scsi: qla2xxx: Fix queue teardown NULL dma_free and bitmap locking qla25xx_free_req_que() and qla25xx_free_rsp_que() have two pre-existing bugs exposed on the error path of qla25xx_create_{req,rsp}_que(): 1. When dma_alloc_coherent…"
2026-09-25T11:17:04.08Z,CVE-2026-97538,,,Received,,2,"In the Linux kernel, the following vulnerability has been resolved: hwmon: (asus_rog_ryujin) Validate HID report lengths rog_ryujin_raw_event() parses response headers and payload fields without first checking that they are present in the received report. A short report can therefore make the drive…"
2026-09-25T11:17:04.197Z,CVE-2026-97539,,,Received,,4,"In the Linux kernel, the following vulnerability has been resolved: usb: xusbatm: don't rely on id table pointer arithmetic The current code is broken when dynamic ID is involved; in such cases usb_device_id parameter of probe lives on the heap and the pointer arithmetic will get an index that is w…"
2026-09-25T11:17:04.31Z,CVE-2026-97540,,,Received,,4,"In the Linux kernel, the following vulnerability has been resolved: net: usb: pegasus: don't rely on id table pointer arithmetic The current code is broken when dynamic ID is involved; in such cases usb_device_id parameter of probe lives on the heap and the pointer arithmetic will get an index that…"
2026-09-25T11:17:04.423Z,CVE-2026-97541,,,Received,,4,"In the Linux kernel, the following vulnerability has been resolved: wifi: ath9k_htc: don't store usb_device_id usb_device_id is not guaranteed to live longer than probe due to presence of dynamic ID. All information apart from driver_data can be easily retrieved from usb_device, so just store drive…"
2026-09-25T11:17:04.54Z,CVE-2026-97542,,,Received,,4,"In the Linux kernel, the following vulnerability has been resolved: xfs: bail out on bitmap errors in xrep_agfl_fill LOLLM also points out that the xagb_bitmap_set call in xrep_agfl_fill can fail, but we don't check the result of xagb_bitmap_walk, so we silently drop the error and proceed with inco…"
2026-09-25T11:17:04.643Z,CVE-2026-97543,,,Received,,4,"In the Linux kernel, the following vulnerability has been resolved: xfs: destroy seen inode bitmap when we fail to add a dirpath LOLLM observes a memory leak in xchk_dirtree_create_path if we create the directory path object but appending the name to the path fails. When this happens, we don't tear…"
2026-09-25T11:17:04.753Z,CVE-2026-97544,,,Received,,4,"In the Linux kernel, the following vulnerability has been resolved: xfs: don't leak dqacct if rhashtable insertion fails LOLLM observes that xqcheck_mod_live_ino_dqtrx doesn't free the newly allocated dqa object if rhashtable insertion fails. Fix this leak."
2026-09-25T11:17:04.86Z,CVE-2026-97545,,,Received,,4,"In the Linux kernel, the following vulnerability has been resolved: xfs: don't leak new_bp if xfs_btree_bload_drop_buf fails LOLLM observes that in xfs_btree_bload_prep_block, xfs_btree_bload_drop_buf can hit an IO error if writing the delwri buffer list to disk fails. In this case, we fail to rele…"
2026-09-25T11:17:04.963Z,CVE-2026-97546,,,Received,,4,"In the Linux kernel, the following vulnerability has been resolved: xfs: don't spin forever on zero-length dirents when salvaging them LOLLM noticed that xrep_dir_recover_data can spin forever if it encounters an unused dirent that claims to have length zero. Fix that, and prevent the same thing fr…"
2026-09-25T11:17:05.07Z,CVE-2026-97547,,,Received,,4,"In the Linux kernel, the following vulnerability has been resolved: xfs: fix exchange-range reflink flag clearing issue with INO1_WRITTEN When exchanging two full-file ranges, xmi_can_exchange_reflink_flags() can move the reflink inode flag from the file that currently has it to the other file, as…"
2026-09-25T11:17:05.183Z,CVE-2026-97548,,,Received,,3,"In the Linux kernel, the following vulnerability has been resolved: xfs: fix the rtrmap and rtrefcount _maxlevels_ondisk functions The _maxlevels_ondisk functions are used to compute the size of in-memory btree cursors for each btree type. Unfortunately, LOLLM noticed that the rtrmap and rtrefcount…"
2026-09-25T11:17:05.29Z,CVE-2026-97549,,,Received,,2,"In the Linux kernel, the following vulnerability has been resolved: xfs: fix under-reservation of blocks when repairing sf directories Whilst running QA on XFS for-next as of 7.3-rc2 with MKFS_OPTIONS=""-n size=8192"", I observed the following (trimmed) dmesg splat: XFS: Assertion failed: args->total…"
2026-09-25T11:17:05.423Z,CVE-2026-97550,,,Received,,3,"In the Linux kernel, the following vulnerability has been resolved: xfs: fix unit conversions in per_binval computation LOLLM noticed that we're doing the unit conversion in the per_binval computation backwards -- xfs_buf_inval_log_space's second parameter is supposed to be in bytes, but max_binval…"
2026-09-25T11:17:05.53Z,CVE-2026-97551,,,Received,,4,"In the Linux kernel, the following vulnerability has been resolved: xfs: initialise args->total for parent pointer updates xfs_parent_da_args_init() builds an xfs_da_args from a zeroed xfs_parent_args (kmem_cache_zalloc), leaving args->total == 0. xfs_da_grow_inode_int() treats that field as a runn…"
2026-09-25T11:17:05.647Z,CVE-2026-97552,,,Received,,4,"In the Linux kernel, the following vulnerability has been resolved: xfs: initialise error in xfs_defer_finish_one() xfs_defer_finish_one() declares error without an initialiser and only assigns it inside the loop over dfp->dfp_work. When that list is empty the loop body never runs, control falls th…"
2026-09-25T11:17:05.757Z,CVE-2026-97553,,,Received,,2,"In the Linux kernel, the following vulnerability has been resolved: xfs: lock the healthmon when inserting unmount event LOLLM complains that xfs_healthmon_unmount does an unlocked insert of the unmount event into the health monitor's event list. Fix that."
2026-09-25T11:17:05.86Z,CVE-2026-97554,,,Received,,2,"In the Linux kernel, the following vulnerability has been resolved: smb: client: avoid using uninitialized SIDs in cifs_posix_to_fattr() cifs_posix_to_fattr() ignores the return value of posix_info_parse(). When a malformed POSIX directory entry is encountered (e.g. invalid SID lengths from an untr…"
2026-09-25T11:17:05.963Z,CVE-2026-97555,,,Received,,4,"In the Linux kernel, the following vulnerability has been resolved: smb: client: fix heap overflow in DACL owner/group rewrite When id_mode_to_cifs_acl rewrites an existing DACL, it allocates a buffer sized according to the on-disk DACL length reported by dacl_ptr->size. However, replace_sids_and_c…"
2026-09-25T11:17:06.077Z,CVE-2026-97556,,,Received,,4,"In the Linux kernel, the following vulnerability has been resolved: smb: client: avoid leaking refcount when cifs_sb_tlink() fails cifs_oplock_break() takes over the reference that cifs_queue_oplock_break() acquired when it queued the work, and drops it with _cifsFileInfo_put() once the break has b…"
2026-09-25T11:17:06.193Z,CVE-2026-97557,,,Received,,4,"In the Linux kernel, the following vulnerability has been resolved: smb: client: avoid leaking refcount in cifs_queue_oplock_break() cifs_queue_oplock_break() unconditionally takes a reference on the target file before queueing cifs_oplock_break(). Only that work item decreases the reference counte…"
2026-09-25T11:17:06.32Z,CVE-2026-97558,,,Received,,2,"In the Linux kernel, the following vulnerability has been resolved: smb: client: fix cifsFileInfo reference leak in deferred close When cifs_close() defers a close, it hands the cifsFileInfo reference of the closing struct file to the queued work. Each execution of smb2_deferred_work_close() drops…"
2026-09-25T11:17:06.43Z,CVE-2026-97559,,,Received,,3,"In the Linux kernel, the following vulnerability has been resolved: smb: client: fail DACL rewrite when the new DACL exceeds 64K replace_sids_and_copy_aces() and set_chmod_dacl() accumulate the size of the DACL they build in a u16. That accumulator can wrap. validate_dacl() caps num_aces at (dacl_s…"
2026-09-25T11:17:06.537Z,CVE-2026-97560,,,Received,,4,"In the Linux kernel, the following vulnerability has been resolved: smb: client: fix one-byte OOB read in smb2_parse_native_symlink() When parsing a share-root relative native symlink, memcpy copies smb_target+1 (skipping the leading separator) but uses strlen(smb_target)+1 as the length, reading o…"
2026-09-25T11:17:06.657Z,CVE-2026-97561,,,Received,,2,"In the Linux kernel, the following vulnerability has been resolved: smb: client: honor forceuid/forcegid when mapping SIDs to uid/gid When the administrator mounts with forceuid or forcegid (uid=/gid= mount options), they expect all files to appear owned by the specified user/group. However, severa…"
2026-09-25T11:17:06.757Z,CVE-2026-97562,,,Received,,4,"In the Linux kernel, the following vulnerability has been resolved: smb: client: pin DFS superblock in iterator callback tcon_super_cb() stores a raw superblock pointer, but __cifs_get_super() takes its active reference only after iterate_supers_type() has dropped s_umount and its passive reference…"
2026-09-25T11:17:06.883Z,CVE-2026-97563,,,Received,,2,"In the Linux kernel, the following vulnerability has been resolved: smb: client: reject out-of-bounds DataOffset in CIFSSMBRead() The SMB1 synchronous read helper CIFSSMBRead() validates the server's DataLength against CIFSMaxBufSize and the caller's count, but never validates DataOffset. The copy…"
2026-09-25T11:17:07.007Z,CVE-2026-97564,,,Received,,4,"In the Linux kernel, the following vulnerability has been resolved: smb: client: reject userspace cifs.idmap descriptions cifs.idmap key descriptions carry authority-bearing fields (owner and group SIDs and uid/gid values in ""os:""/""gs:""/""oi:""/""gi:"" form) that the cifs.idmap upcall helper treats as…"
2026-09-25T11:17:07.127Z,CVE-2026-97565,,,Received,,3,"In the Linux kernel, the following vulnerability has been resolved: smb: client: reject short READ responses in CIFSSMBRead() CIFSSMBRead() reads DataLengthHigh, DataLength and DataOffset out of the READ_RSP returned by the server without first checking that a whole READ_RSP was actually received.…"
2026-09-25T11:17:07.233Z,CVE-2026-97566,,,Received,,3,"In the Linux kernel, the following vulnerability has been resolved: mptcp: pm: kernel: drop pending ADD_ADDR when removing ID0 The in-kernel MPTCP path manager can leave a stale ADD_ADDR announcement entry alive when removing the id 0 endpoint. This happens because the id 0 removal path does not te…"
2026-09-25T11:17:07.343Z,CVE-2026-97567,,,Received,,3,"In the Linux kernel, the following vulnerability has been resolved: mptcp: prevent race between disconnect() and rtx Sashiko noted that the two event can race, leading to inconsistent status. Prevent the race using the synchronous timer stop operation."
2026-09-25T11:17:07.453Z,CVE-2026-97568,,,Received,,4,"In the Linux kernel, the following vulnerability has been resolved: mptcp: syncookies: remember the request backup flag Instead of using an uninitialised bit when copying the info in subflow_ulp_clone(). To fix this, no need to extend the join_entry structure: backup is coming from struct mptcp_sub…"
2026-09-25T11:17:07.57Z,CVE-2026-97569,,,Received,,2,"In the Linux kernel, the following vulnerability has been resolved: bnxt_en: Prevent queue stop with deferred completions When the driver receives a burst of packets, it can mark a BD with the NO_CMPL bit to defer completions. The expectation is that the last packet in the ring will have this bit u…"
2026-09-25T11:17:07.683Z,CVE-2026-97570,,,Received,,2,"In the Linux kernel, the following vulnerability has been resolved: bnxt_en: Bound SW TPA IDs to prevent crashes FW supports up to 1024 concurrent TPAs, so the FW TPA ID is in the range 0..1023 (see commit ec4d8e7cf024 (""bnxt_en: Add TPA ID mapping logic for 57500 chips."")). bnxt_alloc_agg_idx is i…"
2026-09-25T11:17:07.803Z,CVE-2026-97571,,,Received,,3,"In the Linux kernel, the following vulnerability has been resolved: bnxt_en: Propagate TPA buffer allocation failures in bnxt_queue_mem_alloc() bnxt_alloc_one_tpa_info_data() returns -ENOMEM as soon as one allocation fails. This leaves the remaining rxr->rx_tpa[] entries zeroed. bnxt_queue_mem_allo…"
2026-09-25T11:17:07.91Z,CVE-2026-97572,,,Received,,4,"In the Linux kernel, the following vulnerability has been resolved: bnxt_en: Propagate RX ring init failures in bnxt_init_nic() bnxt_init_rx_rings() returns an error when bnxt_alloc_one_rx_ring() fails, but bnxt_init_nic() discards that return value and calls bnxt_init_chip(), which enables TPA. If…"
2026-09-25T11:17:08.017Z,CVE-2026-97573,,,Received,,4,"In the Linux kernel, the following vulnerability has been resolved: bnxt_en: Handle buffer allocation failure in bnxt_rx_ring_reset() bnxt_rx_ring_reset() frees the ring buffers and then reallocates them, ignoring the result. bnxt_alloc_one_rx_ring() can fail in bnxt_alloc_one_tpa_info_data(), whic…"
2026-09-25T11:17:08.127Z,CVE-2026-97574,,,Received,,3,"In the Linux kernel, the following vulnerability has been resolved: bnxt_en: Don't free the live ring's TPA state on queue restart failure bnxt_queue_mem_alloc() shallow copies the live RX ring into the clone: memcpy(clone, rxr, sizeof(*rxr)); the code currently clears pointers that the clone owns…"
2026-09-25T11:17:08.23Z,CVE-2026-97575,,,Received,,4,"In the Linux kernel, the following vulnerability has been resolved: media: v4l2-ctrls: validate AV1 tile counts The stateless AV1 decoders use tile_info.tile_cols and tile_rows as loop bounds and as indices into the mi_*_starts[] and *_in_sbs_minus_1[] arrays, as the divisor for context_update_tile…"
2026-09-25T11:17:08.34Z,CVE-2026-97576,,,Received,,4,"In the Linux kernel, the following vulnerability has been resolved: media: v4l2-ctrls: validate HEVC tile counts The stateless HEVC decoders read num_tile_columns_minus1 + 1 entries from column_width_minus1[] and num_tile_rows_minus1 + 1 from row_height_minus1[] and use them as tile-loop bounds, bu…"
2026-09-25T11:17:08.447Z,CVE-2026-97577,,,Received,,4,"In the Linux kernel, the following vulnerability has been resolved: media: verisilicon: rockchip: reject AV1 frames exceeding the tile capacity rockchip_vpu981_av1_dec_set_tile_info() indexes the tile group entry array by tile1 * tile_cols + tile0, reading up to tile_cols * tile_rows entries, lays…"
2026-09-25T11:17:08.567Z,CVE-2026-97578,,,Received,,4,"In the Linux kernel, the following vulnerability has been resolved: media: verisilicon: rockchip: guard VPU981 AV1 divisor and tile buffer rockchip_vpu981_av1_dec_set_tile_info() divides context_update_tile_id by tile_info->tile_cols and writes one descriptor per tile into the tile_info DMA buffer,…"
2026-09-25T11:17:08.677Z,CVE-2026-97579,,,Received,,4,"In the Linux kernel, the following vulnerability has been resolved: media: mediatek: vcodec: bound AV1 tile-start copy to the array capacity vdec_av1_slice_setup_tile() copies tile_cols + 1 / tile_rows + 1 entries into mi_col_starts[] / mi_row_starts[] from the bitstream tile_info. Bound the copy t…"
2026-09-25T11:17:08.79Z,CVE-2026-97580,,,Received,,2,"In the Linux kernel, the following vulnerability has been resolved: media: rkvdec: bound HEVC tile loops and PPS id to the array capacity compute_tiles_uniform() and compute_tiles_non_uniform() loop over num_tile_columns_minus1 + 1 / num_tile_rows_minus1 + 1 entries, and assemble_hw_pps() writes on…"
2026-09-25T11:17:08.897Z,CVE-2026-97581,,,Received,,4,"In the Linux kernel, the following vulnerability has been resolved: media: verisilicon: hantro: bound G2 HEVC tile loop to the buffer capacity prepare_tile_info_buffer() writes one entry per tile into the tile_sizes DMA buffer, sized for a grid equal to the PPS uAPI array capacity. Use the bounded…"
2026-09-25T11:17:09.01Z,CVE-2026-97582,,,Received,,4,"In the Linux kernel, the following vulnerability has been resolved: hwmon: (gpio-fan) Fix use-after-free in alarm work fan_alarm_irq_handler() queues fan_data->alarm_work, but nothing cancels it. fan_alarm_notify() dereferences fan_data and its hwmon device. On unbind, devres frees the interrupt, w…"
2026-09-25T11:17:09.127Z,CVE-2026-97583,,,Received,,4,"In the Linux kernel, the following vulnerability has been resolved: afs: Clear stale peer app data after address list changes afs_fs_probe_fileserver() fetches the current endpoint state under server->fs_lock, but leaves old_alist as NULL. Consequently, afs_set_peer_appdata() treats every address l…"
2026-09-25T11:17:09.267Z,CVE-2026-97584,,,Received,,4,"In the Linux kernel, the following vulnerability has been resolved: afs: Fix incorrect free in candidate cleanup in afs_lookup_server() Fix afs_lookup_server() to not free an existing server's endpoint state when cleaning up a candidate server. The candidate record doesn't have an endpoint state ye…"
2026-09-25T11:17:09.657Z,CVE-2026-97585,,,Received,,3,"In the Linux kernel, the following vulnerability has been resolved: afs: Fix double-unmap of directory block Fix afs_edit_dir_remove() to use a cleanup function to unmap the block pointed to by afs_dir_iter::block if it's left pointing to something rather than manually kunmapping the blocks. Manual…"
2026-09-25T11:17:09.77Z,CVE-2026-97586,,,Received,,3,"In the Linux kernel, the following vulnerability has been resolved: afs: Fix missing kunmap in afs_dir_search_bucket() Fix afs_dir_search_bucket() to kunmap the block it's using in the ""bad:"" path."
2026-09-25T11:17:09.88Z,CVE-2026-97587,,,Received,,4,"In the Linux kernel, the following vulnerability has been resolved: perf: RISC-V: store available counter mask as bitmap The available-counter mask was a single unsigned long, but iteration uses RISCV_MAX_COUNTERS, which is 64. On RV32 that reads past the object. Filling with an unsigned-long bit a…"
2026-09-25T11:17:09.99Z,CVE-2026-97588,,,Received,,3,"In the Linux kernel, the following vulnerability has been resolved: s390/crypto: Map EBUSY to EIO when key conversion fails repeatedly When hardware persistently returns -EBUSY after exhausting retries, the error propagates to crypto_finalize_*_request(). The crypto API's completion wrapper treats…"
2026-09-25T11:17:10.103Z,CVE-2026-97589,,,Received,,3,"In the Linux kernel, the following vulnerability has been resolved: s390/crypto: Fix wrong return code to engine in asynch callbacks When crypto_finalize_hash_request() or crypto_finalize_skcipher_request() explicitly completes a request, the do_one_request callback must return 0 to indicate succes…"
2026-09-25T11:17:10.207Z,CVE-2026-97590,,,Received,,3,"In the Linux kernel, the following vulnerability has been resolved: s390/crypto: Fix missing scrub of temp buffers with PAES algorithm In function ctr_paes_do_crypt() there is a buffer used to process remaining bytes < AES_BLOCK_SIZE. This buffer was not scrubbed and thus could lead to expose of un…"
2026-09-25T11:17:10.313Z,CVE-2026-97591,,,Received,,3,"In the Linux kernel, the following vulnerability has been resolved: s390/crypto: Fix handling of EBUSY in PHMAC when req is pushed to crypto engine When a request is transferred to the engine via crypto_transfer_hash_request_to_engine() there are two return codes signaling a successful transfer: EI…"
2026-09-25T11:17:10.423Z,CVE-2026-97592,,,Received,,4,"In the Linux kernel, the following vulnerability has been resolved: s390/crypto: Fix missing scrub of temp buffers with AES ctr and gcm algorithm In function ctr_aes_crypt() there is a buffer used to process remaining bytes < AES_BLOCK_SIZE. This buffer was not scrubbed and thus could lead to expos…"
2026-09-25T11:17:10.547Z,CVE-2026-97593,,,Received,,3,"In the Linux kernel, the following vulnerability has been resolved: iommu/s390: Fix NULL dereference in iova_to_phys() with ZPCI_TABLE_TYPE_RFX When using a 5-level translation table via ZPCI_TABLE_TYPE_RFX get_rso_from_iova() returns NULL when the region-first entry is invalid. Yet in get_rto_from…"
2026-09-25T11:17:10.653Z,CVE-2026-97594,,,Received,,3,"In the Linux kernel, the following vulnerability has been resolved: landlock: Fix use-after-free of the source's parent directory current_check_refer_path() reads old_dentry->d_parent without holding a reference nor a lock on it, and then dereferences it in collect_domain_accesses() and in the audi…"
2026-09-25T11:17:10.77Z,CVE-2026-97595,,,Received,,4,"In the Linux kernel, the following vulnerability has been resolved: mac802154: fix use-after-free of sdata via queued RX frames The RX softirq producer ieee802154_subif_frame() queues received beacon and MAC-command frames onto local->rx_beacon_list / rx_mac_cmd_list and schedules a process-context…"
2026-09-25T11:17:10.907Z,CVE-2026-97596,,,Received,,4,"In the Linux kernel, the following vulnerability has been resolved: ipvs: reject invalid states in connection template sync records IPVS sync receivers validate protocol states before creating or updating a connection. For connection templates, however, they only log states outside the template sta…"
2026-09-25T11:17:11.017Z,CVE-2026-97597,,,Received,,3,"In the Linux kernel, the following vulnerability has been resolved: ipv6: flowlabel: cap duplicate leases per socket ipv6_flowlabel_get() allocates an ipv6_fl_socklist entry for every successful GET. The recheck path for a compatible existing flowlabel links another lease without applying any lease…"
2026-09-25T11:17:11.13Z,CVE-2026-97598,,,Received,,4,"In the Linux kernel, the following vulnerability has been resolved: ipv4: fib: bound automatic table ID allocation fib_empty_table() probes every table ID from 1 until it finds a free one. IPv4 tables are stored in a 256-bucket hash table, so a dense set of IDs makes each probe walk a growing hash…"
2026-09-25T11:17:11.243Z,CVE-2026-97599,,,Received,,4,"In the Linux kernel, the following vulnerability has been resolved: ieee802154: hwsim: serialize pib updates to fix double-free hwsim_update_pib() does an unserialized read-swap-free of phy->pib: pib_old = rtnl_dereference(phy->pib); ... rcu_assign_pointer(phy->pib, pib); kfree_rcu(pib_old, rcu); I…"
2026-09-25T11:17:11.353Z,CVE-2026-97600,,,Received,,4,"In the Linux kernel, the following vulnerability has been resolved: ieee802154: cc2520: fix FIFOP work use-after-free The FIFOP interrupt handler queues cc2520_fifop_irqwork. On removal, cc2520_remove() only flushes the work. The devm-managed FIFOP IRQ remains active until after ->remove() returns…"
2026-09-25T11:17:11.463Z,CVE-2026-97601,,,Received,,4,"In the Linux kernel, the following vulnerability has been resolved: ieee802154: 6lowpan: fix NULL dereference in lowpan_newlink TUNSETLINK allows a TUN device to change its link-layer type to ARPHRD_IEEE802154 without initializing ieee802154_ptr. lowpan_newlink() checks only the device type before…"
2026-09-25T11:17:11.573Z,CVE-2026-97602,,,Received,,4,"In the Linux kernel, the following vulnerability has been resolved: inet: frags: invalidate queues before flushing them fqdir_pre_exit() flushes the skbs from incomplete queues without changing their completion state. A fragment which found a queue before high_thresh was cleared can then acquire th…"
2026-09-25T11:17:13.393Z,CVE-2026-97603,,,Received,,3,"In the Linux kernel, the following vulnerability has been resolved: idpf: disable DIM work before freeing q_vectors idpf never drains the Tx/Rx DIM works before freeing the memory they live in. tx_dim and rx_dim are embedded in struct idpf_q_vector, they are queued from the NAPI poll via net_dim(),…"
2026-09-25T11:17:14.407Z,CVE-2026-97604,,,Received,,4,"In the Linux kernel, the following vulnerability has been resolved: fbdev: vfb: defer cleanup until the last reference FBIOGETCMAP takes a shallow snapshot of info->cmap and performs the usercopy after dropping info->lock. vfb_remove() frees the colormap immediately after unregistering the framebuf…"
2026-09-25T11:17:14.543Z,CVE-2026-97605,,,Received,,4,"In the Linux kernel, the following vulnerability has been resolved: erofs: preserve LZMA decoders on resize failure The pool-resize path frees each stream's old decoder before allocating its replacement. If an allocation fails after some streams have already been replaced, the failed stream is put…"
2026-09-25T11:17:14.657Z,CVE-2026-97606,,,Received,,4,"In the Linux kernel, the following vulnerability has been resolved: fs: autofs: fix memory leak in autofs_fill_super() In autofs_fill_super(), we create a new inode using autofs_new_ino(), however, if we fail to create root_inode, (that is, root_inode failure path), we return -ENOMEM without freein…"
2026-09-25T11:17:14.763Z,CVE-2026-97607,,,Received,,4,"In the Linux kernel, the following vulnerability has been resolved: vdpa: ifcvf: Put device on unsupported feature error Route unsupported provisioned features through the common error path after vdpa_alloc_device() so the allocated device and adapter pointer are released consistently."
2026-09-25T11:17:14.87Z,CVE-2026-97608,,,Received,,4,"In the Linux kernel, the following vulnerability has been resolved: netfilter: nf_log: unregister loggers before per-net teardown nf_log_syslog and nfnetlink_log unregister their per-network namespace operations before unregistering their global logger backends. This leaves a window where a sysctl…"
2026-09-25T11:17:14.987Z,CVE-2026-97609,,,Received,,3,"In the Linux kernel, the following vulnerability has been resolved: netfilter: cttimeout: prevent UAF during module unload nf_ct_set_timeout() protects the timeout hook dereference and policy lookup with rcu_read_lock(). cttimeout_exit(), however, unregisters the per-net operations before it clears…"
2026-09-25T11:17:15.1Z,CVE-2026-97610,,,Received,,3,"In the Linux kernel, the following vulnerability has been resolved: netfs: Fix uninitialized return value in netfs_unbuffered_write() If preparation of the first subrequest fails, netfs_unbuffered_write() exits its loop before ret is initialized. The empty-iterator check can do the same. For synchr…"
2026-09-25T11:17:15.213Z,CVE-2026-97611,,,Received,,4,"In the Linux kernel, the following vulnerability has been resolved: net: openvswitch: fix use-after-free of the flow table mask array tbl_mask_array_realloc() retires the old mask_array before it stops being reachable: old = ovsl_dereference(tbl->mask_array); if (old) { ... call_rcu(&old->rcu, mask…"
2026-09-25T11:17:15.33Z,CVE-2026-97612,,,Received,,4,"In the Linux kernel, the following vulnerability has been resolved: net: mpls: clear inner_protocol when the last label is popped skb_mpls_push() records the pre-encapsulation network header once, gated on !skb->inner_protocol. skb_mpls_pop() never clears that record, so it outlives the encapsulati…"
2026-09-25T11:17:15.453Z,CVE-2026-97613,,,Received,,4,"In the Linux kernel, the following vulnerability has been resolved: net: mana: Reserve extra CQ slot for the fence completion CQE The RX completion queue is sized to hold exactly one CQE per posted RX WQE. MANA_FENCE_RQ makes hardware post an additional CQE_RX_OBJECT_FENCE after the packet CQEs. Th…"
2026-09-25T11:17:15.563Z,CVE-2026-97614,,,Received,,3,"In the Linux kernel, the following vulnerability has been resolved: net: dsa: tag_brcm: legacy FCS: request needed tailroom The legacy FCS tagger calculates the CRC over skb->len bytes starting at skb->data. When a nonlinear skb reaches the tagger, this reads past the linear head into unrelated sla…"
2026-09-25T11:17:15.67Z,CVE-2026-97615,,,Received,,3,"In the Linux kernel, the following vulnerability has been resolved: net: bridge: use option bits for CFM/MRP frame handlers CFM and MRP register a global br_frame_type whose hlist_node is linked into the per-bridge frame_type_list when the first MEP/MRP instance is created. Enabling the protocol on…"
2026-09-25T11:17:15.78Z,CVE-2026-97616,,,Received,,4,"In the Linux kernel, the following vulnerability has been resolved: net/sched: act_api: release all action references on NEWACTION failure When a batched RTM_NEWACTION request replaces an existing action, tcf_idr_check_alloc() takes a temporary reference on it. If a later action fails to initialize…"
2026-09-25T11:17:15.893Z,CVE-2026-97617,,,Received,,4,"In the Linux kernel, the following vulnerability has been resolved: ring-buffer: Check resize_disabled before publishing the new subbuf order ring_buffer_subbuf_order_set() stores the new order and only then walks the CPUs, returning -EBUSY if any of them has resizing disabled. A user mapped buffer…"
2026-09-25T11:17:16.117Z,CVE-2026-97619,,,Received,,3,"In the Linux kernel, the following vulnerability has been resolved: io_uring/rw: end write accounting from ->ki_complete Commit b000145e9907 moved both the fsnotify calls and the write accounting out of the kiocb completion handler and into the io_req_rw_complete() task_work. However, only the fsno…"
2026-09-25T11:17:16.24Z,CVE-2026-97620,,,Received,,3,"In the Linux kernel, the following vulnerability has been resolved: drm/xe: Flush LSC untyped L1 dataport cache after rcs/ccs batches emit_render_cache_flush() sets PIPE_CONTROL0_HDC_PIPELINE_FLUSH to flush the L2/HDC data cache before fence signalling, but it never requests a flush of the LSC unty…"
2026-09-25T11:17:16.36Z,CVE-2026-97621,,,Received,,3,"In the Linux kernel, the following vulnerability has been resolved: drm/rockchip: analogix_dp: fix unchecked bound endpoint name length rockchip_dp_drm_encoder_enable() uses sprintf() to format a device tree path into a 32-byte stack buffer. Device tree paths are not limited to this size, so a suff…"
2026-09-25T11:17:16.47Z,CVE-2026-97875,HIGH,8.1,Received,CWE-350,3,"Rojo's ""rojo serve"" HTTP API (default port 34872) has no Host/Origin header validation, making it vulnerable to DNS rebinding. A malicious webpage can read all project source, write malicious code to files on disk, and launch local programs via opener::open() with no user interaction beyond visitin…"
2026-09-25T11:17:16.677Z,CVE-2026-97899,,,Received,,4,"In the Linux kernel, the following vulnerability has been resolved: drm/i915: Fix memory leak in query_perf_config_list() When krealloc() fails, free the original oa_config_ids before returning to avoid a memory leak. (cherry picked from commit 9977e9d84f46d4f12ad35fbbc0ec4638554bce87)"
2026-09-25T11:17:16.787Z,CVE-2026-97900,,,Received,,4,"In the Linux kernel, the following vulnerability has been resolved: drm/drm_exec: fix up contended obj when num_objects is 0 drm_exec_prepare_array() silently returns success without calling drm_exec_lock_contended() when num_objects is zero. This breaks the invariant upheld by drm_exec_lock_obj(),…"
2026-09-25T11:17:16.897Z,CVE-2026-97901,,,Received,,3,"In the Linux kernel, the following vulnerability has been resolved: genetlink: pin family module during policy dump The generic netlink controller's policy dump keeps pointers to the target family's operation and policy tables in its callback state. A dump may be split across multiple skbs and rema…"
2026-09-25T11:17:16Z,CVE-2026-97618,,,Received,,3,"In the Linux kernel, the following vulnerability has been resolved: io_uring/net: don't overconsume buffers when using MSG_TRUNC When a recv/recvmsg is issued with MSG_TRUNC and the incoming packet is larger than the provided buffer, the net layer returns the full length of the packet rather than t…"
2026-09-25T11:17:17.15Z,CVE-2026-97903,,,Received,,3,"In the Linux kernel, the following vulnerability has been resolved: exit: hold a reference to thread_pid across proc_flush_pid Commit 0a36bad01731 (""release_task: kill the no longer needed get/put_pid(thread_pid)"") removed the reference around proc_flush_pid(). It assumed that free_pids(post.pids)…"
2026-09-25T11:17:17.293Z,CVE-2026-97904,,,Received,,4,"In the Linux kernel, the following vulnerability has been resolved: cpufreq: initialize policy rwsem before sysfs publication cpufreq_policy_alloc() initializes policy->rwsem after kobject_init_and_add() has created the policy sysfs directory and its default attributes. A sysfs access can therefore…"
2026-09-25T11:17:17.403Z,CVE-2026-97905,,,Received,,4,"In the Linux kernel, the following vulnerability has been resolved: cpufreq: zero-initialize policy cpumask before sysfs publication cpufreq_policy_alloc() allocates policy->cpus with alloc_cpumask_var(), i.e. without __GFP_ZERO, unlike the sibling related_cpus and real_cpus masks. With CONFIG_CPUM…"
2026-09-25T11:17:17.517Z,CVE-2026-97906,,,Received,,3,"In the Linux kernel, the following vulnerability has been resolved: bootconfig: Fix integer overflow in initrd size check Sashiko reported that in get_boot_config_from_initrd(), a crafted initrd with a huge bootconfig size (such as 0xFFFFFFFF) can cause the pointer arithmetic: data = ((void *)hdr)…"
2026-09-25T11:17:17.627Z,CVE-2026-97907,,,Received,,4,"In the Linux kernel, the following vulnerability has been resolved: Bluetooth: btrtl: Don't leak return code when parsing firmware format v2 When key_id from chip is zero, rtlbt_parse_firmware_v2() intentionally ignores all security headers. However, the implementation simply breaks from a switch s…"
2026-09-25T11:17:17.73Z,CVE-2026-97908,,,Received,,4,"In the Linux kernel, the following vulnerability has been resolved: Bluetooth: btqcomsmd: destroy RPMsg endpoints before freeing hci_dev The command and ACL RPMsg endpoints store struct btqcomsmd as their callback private data. The receive callbacks dereference btq->hdev without taking an hci_dev r…"
2026-09-25T11:17:17.847Z,CVE-2026-97909,,,Received,,4,"In the Linux kernel, the following vulnerability has been resolved: ASoC: sti: initialize IRQ lock before requesting IRQ uni_reader_init() registers the shared IRQ before initializing reader->irq_lock. A pending interrupt can invoke the handler while the lock is still uninitialized. Initialize the…"
2026-09-25T11:17:17.957Z,CVE-2026-97910,,,Received,,4,"In the Linux kernel, the following vulnerability has been resolved: ASoC: sprd: validate compress buffer sizes against fixed allocations sprd_platform_compr_open() allocates the stage 0 IRAM buffer (32K data area) and the stage 1 DDR buffer (2M data area) with fixed sizes, but sprd_platform_compr_c…"
2026-09-25T11:17:17Z,CVE-2026-97902,,,Received,,4,"In the Linux kernel, the following vulnerability has been resolved: fs: don't return -EINVAL for successful nested thaw Commit 7366f8b6fc6a (""fs: handle freezing from multiple devices"") replaced the freeze_holders bitmask with per-holder counters to allow nested freezes. In the bitmask version, a t…"
2026-09-25T11:17:18.07Z,CVE-2026-97911,,,Received,,2,"In the Linux kernel, the following vulnerability has been resolved: accel: ethosu: Ensure SRAM region size matches job It is possible for userspace to set the job SRAM size to 0, but then still have SRAM accesses in the command stream. When the job SRAM size is 0, setting the region base register i…"
2026-09-25T11:17:18.173Z,CVE-2026-97912,,,Received,,2,"In the Linux kernel, the following vulnerability has been resolved: accel: ethosu: Ensure SRAM size is 0 on mapping failure On a mapping failure of the SRAM, the SRAM size is left as non-zero. The probe will succeed as the error return is not checked since having SRAM is not a hard requirement. The…"
2026-09-25T11:17:18.28Z,CVE-2026-97913,,,Received,,2,"In the Linux kernel, the following vulnerability has been resolved: accel: ethosu: Ensure cmd stream ends with a stop op While the QSIZE register setting should prevent an out of bounds access of the command stream, it is not clear whether the h/w generates an interrupt in this case as is required…"
2026-09-25T11:17:18.383Z,CVE-2026-97914,,,Received,,2,"In the Linux kernel, the following vulnerability has been resolved: accel: ethosu: Fix ethosu_job_open() return value A WARN_ON() returns a 0 or 1, not the original negative errno. Just drop the WARN_ON() as the FD open will pass the return code to userspace and there's only one possible source of…"
2026-09-25T11:17:18.487Z,CVE-2026-97915,,,Received,,4,"In the Linux kernel, the following vulnerability has been resolved: accel/ivpu: Limit firmware log name prints to field size The name in struct vpu_tracing_buffer_header is a fixed-size array populated by the NPU firmware. It is expected to be NUL-terminated, but nothing on the host side enforces t…"
2026-09-25T11:17:18.593Z,CVE-2026-97916,,,Received,,4,"In the Linux kernel, the following vulnerability has been resolved: accel/ivpu: Validate firmware log buffer metadata The tracing log headers parsed by fw_log_print_buffer() reside in DMA-shared BOs that the NPU firmware can write to. fw_log_from_bo() validated log->header_size and log->size, but f…"
2026-09-25T11:17:18.7Z,CVE-2026-97917,,,Received,,4,"In the Linux kernel, the following vulnerability has been resolved: accel/ivpu: Validate full buffer range in ivpu_to_cpu_addr Add a size parameter to ivpu_to_cpu_addr() and validate that the whole [vpu_addr, vpu_addr + size) range stays within the BO."
2026-09-25T11:17:18.807Z,CVE-2026-97918,,,Received,,3,"In the Linux kernel, the following vulnerability has been resolved: tracing: Undo the registration when enabling the histogram trigger fails Commit 6f86bdeab633 (""tracing: Fix bad hist from corrupting named_triggers list"") described how a trigger that is registered but not on file->triggers ends up…"
2026-09-25T11:17:18.923Z,CVE-2026-97919,,,Received,,3,"In the Linux kernel, the following vulnerability has been resolved: tracing: Take the reference before publishing the named histogram trigger event_hist_trigger_named_init() puts the trigger on the global named_triggers list and only then takes the reference on the trigger it shares its histogram w…"
2026-09-25T11:17:19.037Z,CVE-2026-97920,,,Received,,4,"In the Linux kernel, the following vulnerability has been resolved: tracing: Keep the entry count when the histogram stats allocation fails print_entries() uses n_entries both as the number of sort entries and as its own return value, so the -ENOMEM it stores when the stats allocation fails overwri…"
2026-09-25T11:17:19.16Z,CVE-2026-97921,,,Received,,4,"In the Linux kernel, the following vulnerability has been resolved: tracing: Free histogram the field rejected for a bad modifier Writing a hist trigger whose value or variable carries a modifier that is not allowed there leaks the fields that were built for it. __create_val_field() takes the field…"
2026-09-25T11:17:19.287Z,CVE-2026-97922,,,Received,,4,"In the Linux kernel, the following vulnerability has been resolved: tracing: Free histogram var refs regardless of how often they are referenced Using the same variable three or more times in one hist trigger leaks the variable reference and its strings when the trigger is removed. commit 656fe2ba8…"
2026-09-25T11:17:19.413Z,CVE-2026-97923,,,Received,,4,"In the Linux kernel, the following vulnerability has been resolved: tracing: Free histogram the var ref when its initialization fails create_var_ref() allocates a VAR_REF hist_field and then calls init_var_ref() to fill it in. When that fails the field is leaked. commit 656fe2ba85e8 (""tracing: Use…"
2026-09-25T11:17:19.533Z,CVE-2026-97924,,,Received,,4,"In the Linux kernel, the following vulnerability has been resolved: tracing/user_events: Don't destroy fields when event removal fails destroy_user_event() destroys the event's fields before attempting to remove the trace event call. If user_event_set_call_visible() fails, e.g. because the event is…"
2026-09-25T11:17:19.68Z,CVE-2026-97925,,,Received,,4,"In the Linux kernel, the following vulnerability has been resolved: tick/broadcast: Plug clockevents replacement race 朱恺乾 reported and decoded the following race condition when a broadcast device is replaced: CPUA CPUB __tick_broadcast_oneshot_control() bc = tick_broadcast_device.evtdev; tick_insta…"
2026-09-25T11:17:19.833Z,CVE-2026-97926,,,Received,,4,"In the Linux kernel, the following vulnerability has been resolved: ufs: validate cylinder group metadata before caching it ufs_read_cylinder() copies the cylinder group index and the rotor positions straight from the on-disk group and caches them without any check: ucpi->c_cgx = fs32_to_cpu(sb, uc…"
2026-09-25T11:17:19.95Z,CVE-2026-97927,,,Received,,4,"In the Linux kernel, the following vulnerability has been resolved: ufs: create the root dentry after loading cylinder metadata ufs_fill_super() installed sb->s_root before it loaded the cylinder group structures for a writable mount: sb->s_root = d_make_root(inode); ... if (!sb_rdonly(sb)) if (!uf…"
2026-09-25T11:17:20.063Z,CVE-2026-97928,,,Received,,2,"In the Linux kernel, the following vulnerability has been resolved: drm/amdgpu: skip the VMID 0 flush for VRAM Clear-on-release only runs on VRAM, which amdgpu_ttm_map_buffer() reaches via its direct MC address without programming a GART window, yet the wipe still forces a VMID 0 flush. On GFX11 (e…"
2026-09-25T11:17:20.167Z,CVE-2026-97929,,,Received,,4,"In the Linux kernel, the following vulnerability has been resolved: ALSA: usbusx2y: validate URB actual_length in interrupt callback i_usx2y_in04_int() processes the interrupt URB data without checking urb->actual_length. A short transfer from a malfunctioning device would cause the handler to proc…"
2026-09-25T11:17:20.277Z,CVE-2026-97930,,,Received,,4,"In the Linux kernel, the following vulnerability has been resolved: ALSA: usbusx2y: fix in04_last array size mismatch with in04_buf The in04_last array in struct usx2ydev is declared as char[24], but in04_buf is allocated as sizeof(struct us428_ctls) which is 21 bytes. In i_usx2y_in04_int(), when c…"
2026-09-25T11:17:20.387Z,CVE-2026-97931,,,Received,,4,"In the Linux kernel, the following vulnerability has been resolved: ALSA: us122l: Prevent write upgrades for read mappings The hwdep mmap callback rejects read-buffer mappings that are initially writable, but leaves VM_MAYWRITE set on mappings created with PROT_READ. A process that can open the hwd…"
2026-09-25T11:17:20.5Z,CVE-2026-97932,,,Received,,2,"In the Linux kernel, the following vulnerability has been resolved: tracing: Don't dereference trace_event_file in deferred trigger free The enable_event trigger defers trace_event_put_ref() to the trigger free kthread, but the trace_event_file can already be freed when the instance is removed. Kee…"
2026-09-25T11:17:20.61Z,CVE-2026-97933,,,Received,,2,"In the Linux kernel, the following vulnerability has been resolved: tracing: Take trace_array reference when opening a tracer options file When a tracer option file is opened, it is passed a descriptor that points to an element on the trace_array's topts array. This element has information to find…"
2026-09-25T11:17:20.733Z,CVE-2026-97934,,,Received,,3,"In the Linux kernel, the following vulnerability has been resolved: tracing: Fix memory corruption from a ""STACKTRACE"" histogram key ""cpu"", ""CPU"", ""stacktrace"" and ""STACKTRACE"" are generic fields, defined with an offset and a size of zero so that the filter code can match them by name. parse_field(…"
2026-09-25T11:17:20.85Z,CVE-2026-97935,,,Received,,3,"In the Linux kernel, the following vulnerability has been resolved: tracing: Set the trace clock before registering the histogram trigger hist_register_trigger() puts the trigger on the global named_triggers list in cmd_ops->init(), and only then sets the trace clock: if (data->cmd_ops->init) { ret…"
2026-09-25T11:17:20.963Z,CVE-2026-97936,,,Received,,4,"In the Linux kernel, the following vulnerability has been resolved: tracing: Fix memory corruption from the histogram stacktrace modifier parse_field() sets HIST_FIELD_FL_STACKTRACE from the "".stacktrace"" modifier before it looks the field name up, and nothing afterwards checks that the name resolv…"
2026-09-25T11:17:21.08Z,CVE-2026-97937,,,Received,,2,"In the Linux kernel, the following vulnerability has been resolved: ftrace: fork: Initialize function graph state before copy_exec_state() dup_task_struct() copies the parent's task_struct, including ret_stack. ftrace_graph_init_task() clears the copied function graph state, but it currently runs a…"
2026-09-25T11:17:21.193Z,CVE-2026-97938,,,Received,,3,"In the Linux kernel, the following vulnerability has been resolved: reboot: fix cad_pid use-after-free race cad_pid is a single kernel-wide struct pid pointer. proc_do_cad_pid() reads it and passes it to pid_vnr() without protecting the lifetime of the referenced struct pid. A concurrent writer can…"
2026-09-25T11:17:21.303Z,CVE-2026-97939,,,Received,,3,"In the Linux kernel, the following vulnerability has been resolved: ipmr: account multicast table and route memory A netadmin in a user+net namespace can create many IPv4 and IPv6 multicast routing tables with MRT_TABLE and MRT6_TABLE. Each unseen id allocates an mr_table via the shared mr_table_al…"
2026-09-25T11:17:21.41Z,CVE-2026-97940,,,Received,,4,"In the Linux kernel, the following vulnerability has been resolved: ipv6: fix fib6 walker UAF on seq stop ipv6_route_iter_active() treats a walker in FWS_U at the table root as already unlinked. fib6_del_route() can move a still-linked walker into that same state when the current leaf is the last r…"
2026-09-25T11:17:21.517Z,CVE-2026-97941,,,Received,,2,"In the Linux kernel, the following vulnerability has been resolved: mm/slab: take n->list_lock in __slab_try_return_freelist() to avoid race Commit ba7425312607 (""mm, slab: add an optimistic __slab_try_return_freelist()"") incorrectly assumed that nobody has freed an object to the slab as long as sl…"
2026-09-25T11:17:21.633Z,CVE-2026-97942,,,Received,,3,"In the Linux kernel, the following vulnerability has been resolved: x86/alternatives: Exclude text poking against change_page_attr() From time to time, the following BUG can be observed in the x86 alternatives patching code [0]: > kernel BUG at arch/x86/kernel/alternative.c:2576! > Oops: invalid op…"
2026-09-25T11:17:21.75Z,CVE-2026-97943,,,Received,,3,"In the Linux kernel, the following vulnerability has been resolved: x86/mm/pat: Acquire init_mm write lock on collapse to avoid UAF x86 implements page attribute modification using its Change Page Attributes (CPA) mechanism. This tracks properties of ranges such as cache mode through x86 page attri…"
2026-09-25T11:17:21.87Z,CVE-2026-97944,,,Received,,3,"In the Linux kernel, the following vulnerability has been resolved: x86/cfi: Fix FineIBT hash offset in cfi_get_func_hash() The switch of the FineIBT preamble from ""subl $hash, %r10d"" to the shorter ""subl $hash, %eax"" moved the hash immediate from offset 7 to offset 5 of the preamble. fineibt_pream…"
2026-09-25T11:17:21.983Z,CVE-2026-97945,,,Received,,4,"In the Linux kernel, the following vulnerability has been resolved: x86/mm: Fix user-space data loss with MADV_FREE and THP Some of users of Polars (a data analytics library) have lost production data from this bug. They seem to have just the right combination of huge pages, MADV_FREE and heavy rec…"
2026-09-25T11:17:22.11Z,CVE-2026-97946,,,Received,,3,"In the Linux kernel, the following vulnerability has been resolved: x86/amd_node: Fix PCI device reference counting in amd_smn_init() The local ""root"" pointer is a temporary variable used during the device search. Therefore, refcount related to the search iterators should be cleaned up after the se…"
2026-09-25T11:17:22.213Z,CVE-2026-97947,,,Received,,3,"In the Linux kernel, the following vulnerability has been resolved: x86/amd_node: Fix potential NULL pointer dereference amd_smn_read/write() are exported functions around __amd_smn_rw(), so they are always available even if amd_smn_init() fails. In that case, 'amd_roots' is NULL and __amd_smn_rw()…"
2026-09-25T11:17:22.317Z,CVE-2026-97948,,,Received,,4,"In the Linux kernel, the following vulnerability has been resolved: powerpc/eeh: Fix recursive locking on devices without EEH sensitive driver The commit 1010b4c012b0 (""powerpc/eeh: Make EEH driver device hotplug safe"") refactored the EEH code such that the pci_rescan_remove_lock is held at the beg…"
2026-09-25T11:17:22.453Z,CVE-2026-97949,,,Received,,3,"In the Linux kernel, the following vulnerability has been resolved: configfs: unhash the dentry before dropping the item in rmdir configfs_get_config_item() treats a hashed dentry as proof that sd->s_element is a live config_item. configfs_rmdir() breaks that: simple_rmdir() leaves the dentry hashe…"
2026-09-25T11:17:22.567Z,CVE-2026-97950,,,Received,,3,"In the Linux kernel, the following vulnerability has been resolved: configfs: pin the symlink target's dirent instead of chasing ->ci_dentry create_link() reads the target's configfs_dirent from item->ci_dentry->d_fsdata, relying on the item reference taken by get_target(). That reference pins the…"
2026-09-25T11:17:22.673Z,CVE-2026-97951,,,Received,,4,"In the Linux kernel, the following vulnerability has been resolved: scsi: target: iscsi: Fix hang for aborted WRITE_PENDING commands When a LUN_RESET aborts a WRITE command that is in the TRANSPORT_WRITE_PENDING state, the target core sets CMD_T_ABORTED and waits for the frontend to finish processi…"
2026-09-25T11:17:22.79Z,CVE-2026-97952,,,Received,,4,"In the Linux kernel, the following vulnerability has been resolved: sunvdc: unmap LDC cookies when the descriptor send fails __send_request() maps the request's pages into the LDC channel's map table (ldc_map_sg()), fills in the descriptor and marks it VIO_DESC_READY before ringing the doorbell via…"
2026-09-25T11:17:22.93Z,CVE-2026-97953,,,Received,,4,"In the Linux kernel, the following vulnerability has been resolved: net: stmmac: fix TX descriptor availability check for TSO traffic stmmac_tso_xmit() estimates the number of free TX descriptors required by a TSO skb as: (skb->len - proto_hdr_len) / TSO_MAX_BUFF_SIZE + 1 which assumes the payload…"
2026-09-25T11:17:23.04Z,CVE-2026-97954,,,Received,,4,"In the Linux kernel, the following vulnerability has been resolved: net/rds: fix tcp stream corruption with large pages rds_message_map_pages() assigns PAGE_SIZE bytes to every scatterlist entry, even when total_len ends in a partial page. The RDS congestion map is defined as 8192 bytes, so on syst…"
2026-09-25T11:17:23.147Z,CVE-2026-97955,,,Received,,3,"In the Linux kernel, the following vulnerability has been resolved: net: mana: restore the XDP program pointer when pre-allocation fails mana_xdp_set() publishes the new program into apc->bpf_prog before it allocates anything, because mana_pre_alloc_rxbufs() sizes the buffers from it via mana_get_r…"
2026-09-25T11:17:23.253Z,CVE-2026-97956,,,Received,,3,"In the Linux kernel, the following vulnerability has been resolved: net: net_failover: Fix the deadlock in net_failover_slave_name_change() This is a sibling fix of commit b84c5632c7b3 (""net: net_failover: Fix the deadlock in slave register""). There is netdev_lock_ops() in the upper callers, so usi…"
2026-09-25T11:17:23.367Z,CVE-2026-97957,,,Received,,4,"In the Linux kernel, the following vulnerability has been resolved: net: hinic: fix mailbox segment buffer overflow check_mbox_seq_id_and_seg_len() validates that seq_id does not exceed SEQ_ID_MAX_VAL (42) and seg_len does not exceed MBOX_SEG_LEN (48). However, this allows the last segment (seq_id=…"
2026-09-25T11:17:23.477Z,CVE-2026-97958,,,Received,,4,"In the Linux kernel, the following vulnerability has been resolved: net/sched: cls_api: Don't replay RTM_GETCHAIN in tc_ctl_chain(). If a netlink socket sends RTM_GETCHAIN requests repeatedly without recv()ing the responses, tc_ctl_chain() hogs CPU and triggers Hung Task splat. [0] As caught in the…"
2026-09-25T11:17:23.6Z,CVE-2026-97959,,,Received,,4,"In the Linux kernel, the following vulnerability has been resolved: net/sched: cls_route: free emptied bucket on filter move route4_change can move an existing filter to a different top-level bucket: route4_set_parms recomputes the handle from TCA_ROUTE4_TO/ FROM/IIF, and the handle-mismatch check…"
2026-09-25T11:17:23.72Z,CVE-2026-97960,,,Received,,3,"In the Linux kernel, the following vulnerability has been resolved: perf/x86/intel: Prevent drain_pebs() reentry The PEBS buffer is shared by all events on a CPU, so drain_pebs() must not be reentered. If so, one instance may observe stale buffer state and potentially access out-of-bound memory. Mo…"
2026-09-25T11:17:23.86Z,CVE-2026-97961,,,Received,,4,"In the Linux kernel, the following vulnerability has been resolved: perf/core: Allow list_del during perf_event_overflow() A PMU might use perf_sched_cb_inc() and perf_sched_cb_dec() interface to get the PMU call back function pmu::sched_task invoked at schedule in and schedule out. This is achieve…"
2026-09-25T11:17:23.97Z,CVE-2026-97962,,,Received,,3,"In the Linux kernel, the following vulnerability has been resolved: net/mlx5e: Move representor vnic reporter to eswitch devlink port The representor vnic devlink health reporter is created and destroyed along the representor netdev (un)load path, which is not serialized by the devlink instance loc…"
2026-09-25T11:17:24.08Z,CVE-2026-97963,,,Received,,4,"In the Linux kernel, the following vulnerability has been resolved: net: stmmac: initialize ptp_lock at probe time priv->ptp_lock is only initialized in stmmac_ptp_register(), which runs during __stmmac_open(). However, the lock is also used while the interface is down and has never been opened: tc…"
2026-09-25T11:17:24.187Z,CVE-2026-97964,,,Received,,4,"In the Linux kernel, the following vulnerability has been resolved: ppp_synctty: ensure a writeable skb header ppp_sync_txmunge() checks headroom before prepending the address and control bytes, but does not ensure that the skb header is writable. A received skb can reach this function through PPP…"
2026-09-25T11:17:24.293Z,CVE-2026-97965,,,Received,,4,"In the Linux kernel, the following vulnerability has been resolved: vxlan: initialize _md in vxlan_xmit_one() If a VXLAN device is configured with both VXLAN_F_COLLECT_METADATA and VXLAN_F_GBP, and a packet is transmitted through it using an external ip_tunnel_info that lacks the IP_TUNNEL_VXLAN_OP…"
2026-09-25T11:17:24.413Z,CVE-2026-97966,,,Received,,4,"In the Linux kernel, the following vulnerability has been resolved: octeontx2-pf: reset HTB scheduler topology before freeing queues HTB offload programs NIX_AF_TLxX_TOPOLOGY on QoS-allocated scheduler queues via otx2_qos_txschq_set_parent_topology(), but teardown freed those queues without clearin…"
2026-09-25T11:17:24.523Z,CVE-2026-97967,,,Received,,4,"In the Linux kernel, the following vulnerability has been resolved: hwmon: (corsair-cpro) Remove debugfs entries when probe fails ccp_debugfs_init() registers debugfs files whose private data is the devm allocated ccp. If hwmon_device_register_with_info() fails right after it, ccp_probe() returns w…"
2026-09-25T11:17:24.633Z,CVE-2026-97968,,,Received,,4,"In the Linux kernel, the following vulnerability has been resolved: hwmon: (corsair-cpro) Create debugfs entries after hwmon registration ccp_debugfs_init() registers debugfs files whose private data is the devm allocated ccp. It runs before hwmon_device_register_with_info(), so when that registrat…"
2026-09-25T11:17:24.767Z,CVE-2026-97969,,,Received,,4,"In the Linux kernel, the following vulnerability has been resolved: watchdog: msc313e: Fix clock leak and spurious timer in settimeout() msc313e_wdt_settimeout() unconditionally calls msc313e_wdt_start() which introduces two severe bugs: 1. If the watchdog is already active, calling start() again w…"
2026-09-25T11:17:24.873Z,CVE-2026-97970,,,Received,,4,"In the Linux kernel, the following vulnerability has been resolved: watchdog: msc313e: Avoid division by zero clk_get_rate() could return 0. Avoid a division by zero panic."
2026-09-25T11:17:24.98Z,CVE-2026-97971,,,Received,,2,"In the Linux kernel, the following vulnerability has been resolved: nstree: check listing permission before taking a namespace reference legitimize_ns() takes a reference on the candidate namespace before may_list_ns() has decided whether the caller may see it. The __free(ns_put) cleanup on the den…"
2026-09-25T11:17:25.09Z,CVE-2026-97972,,,Received,,3,"In the Linux kernel, the following vulnerability has been resolved: net: macb: put the ""mdio"" child node reference on success macb_mii_init() holds the reference returned by of_get_child_by_name() for macb_mdiobus_register() and drops it only on the error paths, so every successful probe leaks a no…"
2026-09-25T11:17:25.203Z,CVE-2026-97973,,,Received,,4,"In the Linux kernel, the following vulnerability has been resolved: net: macb: destroy the phylink instance on the probe error path macb_mii_init() creates a phylink instance on both of its success paths, but the probe unwind frees the netdev without destroying it, so a failing macb_alloc_tieoff()…"
2026-09-25T11:17:25.31Z,CVE-2026-97974,,,Received,,3,"In the Linux kernel, the following vulnerability has been resolved: ipv6: null-check fib6_node before accessing in __ip6_del_rt_siblings() syzbot reported a null-ptr-deref in __ip6_del_rt_siblings() [0]. The stack trace hinted towards a null dereference of rt->fib6_node when fn->leaf is accessed in…"
2026-09-25T11:17:25.427Z,CVE-2026-97975,,,Received,,3,"In the Linux kernel, the following vulnerability has been resolved: Bluetooth: hci_sysfs: Fix NULL pointer dereference in device_del() A NULL pointer dereference in klist_put() occurs when a child device (such as a BNEP network device in bnep_session) is concurrently being unregistered while hci_co…"
2026-09-25T11:17:25.57Z,CVE-2026-97976,,,Received,,4,"In the Linux kernel, the following vulnerability has been resolved: Bluetooth: btintel_pcie: validate packet_len before skb_put_data btintel_pcie_submit_rx_work() reads packet_len from rfh_hdr without checking if it exceeds the RX buffer size. An oversized packet_len can lead to an out-of-bounds re…"
2026-09-25T11:17:25.68Z,CVE-2026-97977,,,Received,,4,"In the Linux kernel, the following vulnerability has been resolved: Bluetooth: btusb: Fix UAF of btusb_data by rx_work btusb_close() and btusb_flush() cancel data->rx_work with the asynchronous cancel_delayed_work(), so if btusb_rx_work() is already running on another CPU it keeps running after the…"
2026-09-25T11:17:25.79Z,CVE-2026-97978,,,Received,,4,"In the Linux kernel, the following vulnerability has been resolved: eth: ice: don't dereference pointers from TP_printk() After forwarding net-next during the v7.3 merge window we started seeing: TRACE EVENT ERROR: Event ice_tx_dim_work has double dereference in TP_printk: REC->q_vector->tx.tx_ring…"
2026-09-25T11:17:25.897Z,CVE-2026-97979,,,Received,,4,"In the Linux kernel, the following vulnerability has been resolved: ice: add missing xa_destroy for sched_node_ids Commit 16dfa49406bc (""ice: Introduce new parameters in ice_sched_node"") added a sched_node_ids xarray to the port info structure, but never called xa_destroy on it. Since xarrays can a…"
2026-09-25T11:17:26.023Z,CVE-2026-97980,,,Received,,2,"In the Linux kernel, the following vulnerability has been resolved: s390/debug: Fix NULL pointer dereference in debug_set_level() Commit a2cec6863709 (""s390/debug: Add s390dbf kernel parameter"") incorrectly removed a null-id check from debug_set_level(), introducing a possible NULL pointer derefere…"
2026-09-25T11:17:26.127Z,CVE-2026-97981,,,Received,,4,"In the Linux kernel, the following vulnerability has been resolved: net: ethernet: cortina: Count dropped frames as NAPI work The RX loop only consumes budget when it successfully delivers a frame. Error paths keep consuming descriptors without reducing the budget, so a stream of bad frames can pro…"
2026-09-25T11:17:26.23Z,CVE-2026-97982,,,Received,,4,"In the Linux kernel, the following vulnerability has been resolved: net: ethernet: cortina: Fix budget accounting The gmac_rx() function returns the remaining NAPI budget, but its caller treats the return value as the number of packets received. An idle poll therefore reports a full budget and rema…"
2026-09-25T11:17:26.34Z,CVE-2026-97983,,,Received,,2,"In the Linux kernel, the following vulnerability has been resolved: vduse: return compat ioctl results directly The compat handler handles VDUSE_IOTLB_GET_FD and VDUSE_VQ_GET_INFO, but then calls the native handler. Their different command sizes make native dispatch return -ENOIOCTLCMD. For GET_FD,…"
2026-09-25T11:17:26.443Z,CVE-2026-97984,,,Received,,4,"In the Linux kernel, the following vulnerability has been resolved: net: ipv6: Fix UDP length overflow with PMTU discover and big MTU This commit bounds cork->base.fragsize to IP6_MAX_MTU for UDP sockets to avoid a possible overflow of UDP length that triggers a WARN in udp_set_len_short when setso…"
2026-09-25T11:17:26.56Z,CVE-2026-97985,,,Received,,4,"In the Linux kernel, the following vulnerability has been resolved: af_unix: Update last skb marker in manage_oob(). Fahad Alharbi reported that blocking recv(MSG_PEEK) could hog CPU due to OOB skb. In the following cases, manage_oob() skips OOB skb(s) and returns NULL for the last recv(MSG_PEEK):…"
2026-09-25T11:17:26.683Z,CVE-2026-97986,,,Received,,4,"In the Linux kernel, the following vulnerability has been resolved: virtio_input: stop callbacks before unregistering input device virtinput_remove() unregisters the input device before resetting the virtio device. virtinput_recv_events() drops vi->lock around input_event(), so clearing vi->ready d…"
2026-09-25T11:17:26.797Z,CVE-2026-97987,,,Received,,4,"In the Linux kernel, the following vulnerability has been resolved: virtio_input: reset device if input_register_device() fails Probe marks the device DRIVER_OK with virtio_device_ready() before calling input_register_device(). If registration fails, the error path cleared vi->ready and called del_…"
2026-09-25T11:17:26.903Z,CVE-2026-97988,,,Received,,2,"In the Linux kernel, the following vulnerability has been resolved: vhost: invalidate vring access on IOTLB transitions When VIRTIO_F_ACCESS_PLATFORM changes, cached vring pointers and IOTLB metadata are interpreted in a different address space. Keeping them across the transition can leave stale ri…"
2026-09-25T11:17:27.01Z,CVE-2026-97989,,,Received,,2,"In the Linux kernel, the following vulnerability has been resolved: vduse: validate virtqueue alignment vduse_validate_config() only checks the upper bound of vq_align. Invalid values can therefore reach vring_create_virtqueue_map(). The split-ring helpers use align - 1 as a bit mask, so the alignm…"
2026-09-25T11:17:27.113Z,CVE-2026-97990,,,Received,,4,"In the Linux kernel, the following vulnerability has been resolved: vdpa_sim_net: check TX pull result before RX copy vringh_iov_pull_iotlb() returns a signed byte count. A failed TX pull is currently added to the unsigned byte counter and then passed as a size_t length to receive_filter() and vrin…"
2026-09-25T11:17:27.22Z,CVE-2026-97991,,,Received,,4,"In the Linux kernel, the following vulnerability has been resolved: vdpa_sim_blk: reject out-of-range sector starts vdpasim_blk_check_range() logs an invalid start sector but continues validating the request. The subsequent unsigned capacity subtraction can underflow and let an out-of-range buffer…"
2026-09-25T11:17:27.343Z,CVE-2026-97992,,,Received,,4,"In the Linux kernel, the following vulnerability has been resolved: vhost-vdpa: protect config_ctx from being freed under the config callback vhost_vdpa_config_cb() loads v->config_ctx and signals it without taking a reference and without holding any lock: struct eventfd_ctx *config_ctx = v->config…"
2026-09-25T11:17:27.5Z,CVE-2026-97993,,,Received,,4,"In the Linux kernel, the following vulnerability has been resolved: vhost-vdpa: don't install the eventfd_ctx_fdget() error in config_ctx vhost_vdpa_set_config_call() swaps the eventfd_ctx_fdget() return value into v->config_ctx before checking it, so on failure the field briefly holds an ERR_PTR:…"
2026-09-25T11:17:27.637Z,CVE-2026-97994,,,Received,,4,"In the Linux kernel, the following vulnerability has been resolved: vhost/vdpa: reject VRING_NUM larger than device max vhost_vring_set_num() accepts any non-zero power-of-two queue size that fits in 16 bits. vhost-vdpa then passes that value to set_vq_num() without comparing it with get_vq_num_max…"
2026-09-25T11:17:27.75Z,CVE-2026-97995,,,Received,,4,"In the Linux kernel, the following vulnerability has been resolved: virtio_console: do not free control-out buffers on remove __send_control_msg() publishes &portdev->cpkt as the control-out virtqueue cookie. remove_vqs() walks every virtqueue and passes leftover cookies to free_buf(), which treats…"
2026-09-25T11:17:27.88Z,CVE-2026-97996,,,Received,,4,"In the Linux kernel, the following vulnerability has been resolved: virtio: fix use-after-free in unregister_virtio_device() device_unregister() is device_del() plus put_device(). When the caller holds no extra reference, that drops the last one and runs the release callback, which for several tran…"
2026-09-25T11:17:27.997Z,CVE-2026-97997,,,Received,,2,"In the Linux kernel, the following vulnerability has been resolved: virtio_ring: fix stale descriptor flags after a failed packed add In a packed ring the AVAIL and USED bits sit in the descriptor itself, so writing them makes that descriptor available. Those bit combinations flip meaning on every…"
2026-09-25T11:17:28.107Z,CVE-2026-97998,,,Received,,4,"In the Linux kernel, the following vulnerability has been resolved: netfilter: nfnetlink_log: cope with concurrent instance destruction Instances are refcounted. However, only memory release happens on the 1 -> 0 transition; the unlink from hashes can occur with any refcount. Uncooperative userspac…"
2026-09-25T11:17:28.213Z,CVE-2026-98000,,,Received,,3,"In the Linux kernel, the following vulnerability has been resolved: hwmon: Fix potential UAF in pec_store Sashiko reports: In pec_store(), a guard(mutex)(&hwdev->lock) is taken. If the chip write operation returns an error other than -EOPNOTSUPP, the code jumps to the put label, which calls put_dev…"
2026-09-25T11:17:28.32Z,CVE-2026-98001,,,Received,,4,"In the Linux kernel, the following vulnerability has been resolved: hwmon: (ltc4282) Make sure clk_init_data is fully initialized The clk_init_data structure contains several mutually-exclusive members for different methods to specify the possible parents of a clock, prompting drivers to initialize…"
2026-09-25T11:17:28.43Z,CVE-2026-98002,,,Received,,2,"In the Linux kernel, the following vulnerability has been resolved: iommu/amd: Fix ineffective error check in nested domain allocation amd_iommu_pdom_id_alloc() returns an int: a domain ID on success, or the negative errno from ida_alloc_range() when the ID space is exhausted or memory is short. am…"
2026-09-25T11:17:28.533Z,CVE-2026-98003,,,Received,,3,"In the Linux kernel, the following vulnerability has been resolved: iommu/amd: Do not reallocate GA log buffers on resume Commit c5e1a1eb9279 (""iommu/amd: Simplify and Consolidate Virtual APIC (AVIC) Enablement"") moved the GA log allocation from iommu_init_pci() to enable_iommus_vapic(), which is c…"
2026-09-25T11:17:28.637Z,CVE-2026-98004,,,Received,,2,"In the Linux kernel, the following vulnerability has been resolved: iommu/riscv: Serialize command queue publishing Serialize command queue publishing so software producer state advances only after a command is written and the hardware tail is updated. Wait for hardware consumption outside the queu…"
2026-09-25T11:17:28.74Z,CVE-2026-98005,,,Received,,2,"In the Linux kernel, the following vulnerability has been resolved: erofs: delimit inode_share cache key components Previously, inode_share keys were encoded as follows: fingerprint || domain_id It would be better to have a separator between the fingerprint and domain ID so that the fingerprint won…"
2026-09-25T11:17:28.847Z,CVE-2026-98006,,,Received,,4,"In the Linux kernel, the following vulnerability has been resolved: ALSA: caiaq: Decoupling ep1_in_urb in caiaq dev The epq_in_urb object belonging to the caiaq device is coupled within the struct snd_usb_caiaqdev. After usb_submit_urb(epq_in_urb, GFP_KERNEL) executes successfully, epq_in_urb is su…"
2026-09-25T11:17:28.967Z,CVE-2026-98007,,,Received,,4,"In the Linux kernel, the following vulnerability has been resolved: bpf: Reject non-scalar bpf_loop iteration counts bpf_loop() declares its nr_loops argument as ARG_ANYTHING. Privileged programs may pass pointer values to such arguments, so check_func_arg() lets a pointer-valued R1 reach the helpe…"
2026-09-25T11:17:29.08Z,CVE-2026-98008,,,Received,,4,"In the Linux kernel, the following vulnerability has been resolved: net: macb: fix NULL pointer dereference on unbind with fixed-link When the device tree describes a fixed-link and has no ""mdio"" child node, macb_mii_init() returns early without allocating the MDIO bus, leaving bp->mii_bus as NULL.…"
2026-09-25T11:17:29.21Z,CVE-2026-98009,,,Received,,4,"In the Linux kernel, the following vulnerability has been resolved: net/sched: ets: clamp quantum in parse and fallback paths ets_qdisc_change() falls back to psched_mtu() with no floor for bands without an explicit quantum. With a crafted size table qdisc_pkt_len reaches ~2 GiB, so a zero psched_m…"
2026-09-25T11:17:29.32Z,CVE-2026-98010,,,Received,,4,"In the Linux kernel, the following vulnerability has been resolved: net/sched: drr: clamp quantum in change class drr_change_class() rejects explicit quantum==0 but falls back to psched_mtu() with no floor. With a crafted size table qdisc_pkt_len reaches ~2 GiB, so quantum=1 (or a zero psched_mtu o…"
2026-09-25T11:17:29.427Z,CVE-2026-98011,,,Received,,4,"In the Linux kernel, the following vulnerability has been resolved: net/sched: hhf: clamp quantum in change and init paths hhf_change() accepts any quantum from userspace, including 1. With a crafted size table qdisc_pkt_len reaches ~2 GiB, so quantum=1 makes the deficit-refill loop spin ~2^31 time…"
2026-09-25T11:17:29.537Z,CVE-2026-98012,,,Received,,4,"In the Linux kernel, the following vulnerability has been resolved: net/sched: sfq: clamp quantum in change path sfq_change() accepts any non-negative quantum (only rejects (int)ctl->quantum < 0). With a crafted size table qdisc_pkt_len reaches ~2 GiB, so quantum=1 makes the deficit-refill loop spi…"
2026-09-25T11:17:29.66Z,CVE-2026-98013,,,Received,,4,"In the Linux kernel, the following vulnerability has been resolved: net/sched: fq_pie: clamp quantum in change path fq_pie_change() accepts any quantum value from userspace, including 1. With a crafted size table qdisc_pkt_len reaches ~2 GiB, so quantum=1 makes the deficit-refill loop spin ~2^31 ti…"
2026-09-25T11:17:29.767Z,CVE-2026-98014,,,Received,,4,"In the Linux kernel, the following vulnerability has been resolved: net/mlx5: E-Switch, prevent mc_list repopulation during vport disable In mlx5_esw_vport_disable(), move esw_apply_vport_rx_mode() ahead of esw_vport_change_handle_locked() so vport->allmulti_rule is NULL before the change handler o…"
2026-09-25T11:17:29.927Z,CVE-2026-98015,,,Received,,4,"In the Linux kernel, the following vulnerability has been resolved: net/mlx5: E-Switch: fix use-after-free in mlx5_eswitch_termtbl_put In mlx5_eswitch_termtbl_put(), the zero-ref cleanup check reads tt->ref_count after termtbl_mutex has been released. Two concurrent callers on the same mlx5_termtbl…"
2026-09-25T11:17:30.04Z,CVE-2026-98016,,,Received,,4,"In the Linux kernel, the following vulnerability has been resolved: net/mlx5e: Fix use-after-free race in sample_restore_put() Concurrent teardown of TC sample rules sharing the same restore context may re-read restore->count after dropping restore_lock. At that point another thread may already hav…"
2026-09-25T11:17:30.147Z,CVE-2026-98017,,,Received,,4,"In the Linux kernel, the following vulnerability has been resolved: net/sched: defer qdisc freeing after failed creation An RTM_NEWQDISC request can make clsact bind a populated shared ingress block during ->init(), publishing an embedded mini_Qdisc to lockless readers. If the same request has an i…"
2026-09-25T11:17:30.257Z,CVE-2026-98018,,,Received,,4,"In the Linux kernel, the following vulnerability has been resolved: net: mctp: i3c: serialize probe with bus removal mctp_i3c_probe() drops busdevs_lock after finding the matching bus. A concurrent I3C_NOTIFY_BUS_REMOVE can then unregister and free the bus netdev before probe passes its private dat…"
2026-09-25T11:17:30.363Z,CVE-2026-98019,,,Received,,2,"In the Linux kernel, the following vulnerability has been resolved: bpf: mark a NULL call argument precise check_func_arg() allows bpf_register_is_null() for nullable arguments w/o marking the underlying scalar register precise. Hence a checkpoint created on such a path would prune against arbitrar…"
2026-09-25T11:17:30.48Z,CVE-2026-98020,,,Received,,4,"In the Linux kernel, the following vulnerability has been resolved: pds_core: fix cmd_regs access racing BAR unmap on reset pdsc_reset_prepare() and pdsc_reset_done()'s pdsc_map_bars() error path clear/iounmap cmd_regs without devcmd_lock, and pdsc_legacy_firmware_update()'s download loop derefs cm…"
2026-09-25T11:17:30.613Z,CVE-2026-98021,,,Received,,4,"In the Linux kernel, the following vulnerability has been resolved: net: reject oversized tx_queue_len at netlink parse time rtnl_create_link() assigns IFLA_TXQLEN directly to dev->tx_queue_len without going through netif_change_tx_queue_len(), so a device created with ""ip link add ... txqueuelen 5…"
2026-09-25T11:17:30.74Z,CVE-2026-98022,,,Received,,4,"In the Linux kernel, the following vulnerability has been resolved: net: cap tx_queue_len at S16_MAX to prevent oversized ring allocations Several subsystems allocate ring buffers sized by dev->tx_queue_len with no upper bound. An unprivileged user (via unshare -Urn) can set a huge tx_queue_len and…"
2026-09-25T11:17:30.873Z,CVE-2026-98023,,,Received,,4,"In the Linux kernel, the following vulnerability has been resolved: vxlan: reject dynamic fdb entries that reference a nexthop id The commit cited in the Fixes tag allowed VXLAN FDB entries to point to FDB nexthops so that overlay traffic could be load balanced across multiple VTEPs. Such entries c…"
2026-09-25T11:17:30.997Z,CVE-2026-98024,,,Received,,4,"In the Linux kernel, the following vulnerability has been resolved: s390/ism: folio_put() after error dmb->cpu_addr was allocated via folio_alloc(). Use folio_put() instead of kfree() in the error exit of ism_alloc_dmb() to avoid slab allocator corruption. While at it, reset dmb->cpu_addr after fol…"
2026-09-25T11:17:31.11Z,CVE-2026-98025,,,Received,,4,"In the Linux kernel, the following vulnerability has been resolved: net: usb: cx82310_eth: drop URB after 0xffff reboot sentinel to prevent partial_data heap overflow The 0xffff length sentinel detects a router reboot and schedules re-enabling of ethernet mode, but then falls through to the rest of…"
2026-09-25T11:17:31.23Z,CVE-2026-98026,,,Received,,4,"In the Linux kernel, the following vulnerability has been resolved: net: bridge: mcast: properly convert mglist to rcu Sashiko reported a bug [1] that br_multicast_del_port_group unlists the port group not using proper rcu helper that preserves the next pointer and after that immediately frees the…"
2026-09-25T11:17:31.34Z,CVE-2026-98027,,,Received,,4,"In the Linux kernel, the following vulnerability has been resolved: net: dsa: mv88e6xxx: bound the policy rule dump by the caller's buffer size mv88e6xxx_get_rxnfc() uses rxnfc->rule_cnt as the write index while dumping the policy IDR, clobbering the input value before it has been looked at. That i…"
2026-09-25T11:17:31.447Z,CVE-2026-98028,,,Received,,4,"In the Linux kernel, the following vulnerability has been resolved: eth: nfp: drop the replaced rule from the list when reprogramming fails nfp_net_fs_add() replaces an existing rule by deleting it from the hardware, decrementing nn->fs.count and programming the new one. If nfp_net_fs_add_hw() fail…"
2026-09-25T11:17:31.56Z,CVE-2026-98029,,,Received,,4,"In the Linux kernel, the following vulnerability has been resolved: eth: nfp: bound the ntuple rule dump by the caller's buffer size nfp_net_get_fs_loc() dumps every entry of nn->fs.list into rule_locs[] without consulting cmd->rule_cnt, which is how many entries the caller had room for. ETHTOOL_GR…"
2026-09-25T11:17:31.673Z,CVE-2026-98030,,,Received,,4,"In the Linux kernel, the following vulnerability has been resolved: net: dsa: bcm_sf2: bound the CFP rule dump by the caller's buffer size bcm_sf2_cfp_rule_get_all() walks the whole cfp.unique bitmap into rule_locs[] without consulting nfc->rule_cnt, which is how many entries the caller had room fo…"
2026-09-25T11:17:31.787Z,CVE-2026-98031,,,Received,,4,"In the Linux kernel, the following vulnerability has been resolved: nexthop: Initialize extack in remove_nh_grp_entry() remove_nh_grp_entry() prints the extack message when a listener fails to replace the reduced nexthop group. However, extack is not initialized and listeners are not required to se…"
2026-09-25T11:17:31.9Z,CVE-2026-98032,,,Received,,2,"In the Linux kernel, the following vulnerability has been resolved: tracing: Fix subbuf resize races with trace_pipe_raw readers Concurrent subbuffer resizes may crash trace_pipe_raw readers or leak uninitialized memory to userspace due to stale size values. Modify ring_buffer_alloc_read_page() to…"
2026-09-25T11:17:32.003Z,CVE-2026-98033,,,Received,,2,"In the Linux kernel, the following vulnerability has been resolved: bpf: Preserve inner map identity in callback frames Callback frame constructors initialize map-typed argument registers with __mark_reg_known_zero() and then restore map_ptr. This clears map_uid, which is the only field distinguish…"
2026-09-25T11:17:32.123Z,CVE-2026-98034,,,Received,,2,"In the Linux kernel, the following vulnerability has been resolved: bpf: Mark NULL kptr stores precise check_map_kptr_access() permits a scalar store into an untrusted kptr field only when the register is known to contain zero. Unlike other verifier checks whose outcome depends on a scalar value, i…"
2026-09-25T11:17:32.237Z,CVE-2026-98035,,,Received,,2,"In the Linux kernel, the following vulnerability has been resolved: bpf: Cancel special fields when recycling rhtab elements rhtab_map_update_existing() and rhtab_delete_elem() call bpf_obj_free_fields() when replacing or deleting a value. These map operations can run from BPF programs in NMI conte…"
2026-09-25T11:17:32.34Z,CVE-2026-98036,,,Received,,2,"In the Linux kernel, the following vulnerability has been resolved: bpf: Preserve special fields in recycled rhtab elements rhtab_map_update_elem() initializes special fields after obtaining an element from bpf_mem_cache_alloc(). The allocator can return a fresh, zeroed unit, or recycle one from it…"
2026-09-25T11:17:32.443Z,CVE-2026-98037,,,Received,,4,"In the Linux kernel, the following vulnerability has been resolved: bpf: Reject untrusted allocated-object pointers When the final RCU read-side critical section ends, a local kptr is demoted to PTR_UNTRUSTED but retains MEM_ALLOC. The pointer may be NULL or may refer to an object whose lifetime is…"
2026-09-25T11:17:32.56Z,CVE-2026-98038,,,Received,,2,"In the Linux kernel, the following vulnerability has been resolved: bpf: Keep refcount_acquire nullable for borrowed RCU kptrs bpf_refcount_acquire() is fallible for a borrowed reference because the object may have reached a zero refcount. The verifier therefore keeps KF_RET_NULL on the return valu…"
2026-09-25T11:17:32.663Z,CVE-2026-98039,,,Received,,4,"In the Linux kernel, the following vulnerability has been resolved: bpf: Require MEM_PERCPU for percpu kptr stores map_kptr_match_type() treats perm_flags as the set of register type flags that a kptr field permits. Adding MEM_PERCPU to that set for BPF_KPTR_PERCPU does not require the source regis…"
2026-09-25T11:17:32.773Z,CVE-2026-98040,,,Received,,2,"In the Linux kernel, the following vulnerability has been resolved: bpf: Mark the zero register precise for a register-form NULL check check_cond_jmp_op() accepts ""if rA <op> rB"" as a NULL check for a nullable pointer rA when rB is a scalar known to be zero, lifts PTR_MAYBE_NULL from rA in the corr…"
2026-09-25T11:17:32.88Z,CVE-2026-98041,,,Received,,4,"In the Linux kernel, the following vulnerability has been resolved: bpf: Don't predict JMP32 pointer vs zero comparisons Consider the following program: r1 = map_value; /* low 32 bits are zero at runtime */ r6 = 0xdead000000000000; if w1 != 0 goto l1; l0: r1 += r6; r2 = *(u64 *)(r1 + 0); exit; l1:…"
2026-09-25T11:17:32.987Z,CVE-2026-98042,,,Received,,2,"In the Linux kernel, the following vulnerability has been resolved: bpf: Don't resurrect a scalar id dropped by collect_linked_regs() check_cond_jmp_op() copies the compared registers into env->{false,true}_reg{1,2} before collect_linked_regs() runs and copies those snapshots back into both branch…"
2026-09-25T11:17:33.09Z,CVE-2026-98043,,,Received,,2,"In the Linux kernel, the following vulnerability has been resolved: bpf: Don't infer non-NULL from a pointer with an unbounded offset reg_not_null() decides that a register holds a non-NULL value by looking at its type alone. For pointer types that allow arithmetic the type only guarantees a non-NU…"
2026-09-25T11:17:33.2Z,CVE-2026-98044,,,Received,,3,"In the Linux kernel, the following vulnerability has been resolved: bpf: Reject legacy packet loads from callbacks check_ld_abs() models a failed BPF_LD_ABS or BPF_LD_IND in a subprogram as an implicit return with R0 set to zero. It calls prepare_func_exit() to explore this synthesized path. When t…"
2026-09-25T11:17:33.33Z,CVE-2026-98045,,,Received,,4,"In the Linux kernel, the following vulnerability has been resolved: bpf: Mark faultable stack helpers as sleepable The faultable variants of bpf_get_stack() and bpf_get_task_stack() pass may_fault=true into the common stack collection code. Resolving user-space build IDs may then call build_id_pars…"
2026-09-25T11:17:33.44Z,CVE-2026-98046,,,Received,,4,"In the Linux kernel, the following vulnerability has been resolved: bpf: Mark bpf_btf_find_by_name_kind() as sleepable When bpf_btf_find_by_name_kind() finds a type in module BTF, it returns a new BTF object fd through __btf_new_fd(). This reaches anon_inode_getfd(), which can sleep while allocatin…"
2026-09-25T11:17:33.553Z,CVE-2026-98047,,,Received,,3,"In the Linux kernel, the following vulnerability has been resolved: bpf: Check ancestor frames for rbtree callbacks bpf_rbtree_add() invokes its comparator while the caller holds the root lock. The native insertion code retains raw parent and link pointers across the callback, so the verifier prohi…"
2026-09-25T11:17:33.663Z,CVE-2026-98048,,,Received,,2,"In the Linux kernel, the following vulnerability has been resolved: bpf: don't rewrite bpf_fastcall patterns entered by a jump mark_fastcall_pattern_for_call() must ensure that matched ""spill; call; fill"" instruction series is not interrupted by a jump. Otherwise the rewrite applied by bpf_remove_f…"
2026-09-25T11:17:33.77Z,CVE-2026-98049,,,Received,,2,"In the Linux kernel, the following vulnerability has been resolved: bpf: zero extend the result of an arena 32-bit cmpxchg bpf_convert_ctx_accesses() rewrites an atomic on an arena pointer from BPF_STX | BPF_ATOMIC to BPF_STX | BPF_PROBE_ATOMIC, and it runs before bpf_opt_subreg_zext_lo32_rnd_hi32(…"
2026-09-25T11:17:33.873Z,CVE-2026-98050,,,Received,,3,"In the Linux kernel, the following vulnerability has been resolved: mlxsw: spectrum_ptp: Fix napi_gro_receive() call from GC workqueue context Currently mlxsw_sp1_ptp_ht_gc_collect() is run from the PTP garbage-collection workqueue, rather than the NAPI poll context. For any unmatched PTP entries c…"
2026-09-25T11:17:34.01Z,CVE-2026-98051,,,Received,,4,"In the Linux kernel, the following vulnerability has been resolved: net: bcmasp: fix tx_spb_ring_full() checking same slot cnt times The loop initialised next_index from intf->tx_spb_index on every iteration, so incr_ring() always produced the same result and only one slot was ever tested. Move the…"
2026-09-25T11:17:34.12Z,CVE-2026-98052,,,Received,,4,"In the Linux kernel, the following vulnerability has been resolved: net: bcmasp: clear txcb->last before writing each descriptor bcmasp_xmit() only wrote txcb->last = true for the final fragment of an SKB; non-final fragments left the field untouched. If a descriptor slot was reused while it still…"
2026-09-25T11:17:34.227Z,CVE-2026-98053,,,Received,,3,"In the Linux kernel, the following vulnerability has been resolved: ASoC: Intel: avs: Refactor and fix init_config access Existing code accesses enties found in ->init_configs array through indexes that are part of ->config_ids array. Those two are limited by: ->num_init_configs and ->num_config_id…"
2026-09-25T11:17:34.33Z,CVE-2026-98054,,,Received,,4,"In the Linux kernel, the following vulnerability has been resolved: ASoC: Intel: avs: Fix unbalanced module reference count strace_open() invokes try_module_get() which on success takes the module reference. If any follow up operation causes strace_open() to fail, the refcount shall be put down."
2026-09-25T11:17:34.44Z,CVE-2026-98055,,,Received,,4,"In the Linux kernel, the following vulnerability has been resolved: ASoC: Intel: avs: Clean up the bus when fetching ML caps fails snd_hdac_ext_bus_get_ml_capabilities() may fail and its return code shall be checked and accounted for. Address the issue by updating the error-path for avs_pci_probe()…"
2026-09-25T11:17:34.547Z,CVE-2026-98056,,,Received,,4,"In the Linux kernel, the following vulnerability has been resolved: nvme: remove stale namespaces by NSID range during scan nvme_scan_ns_list() drops the stale namespaces in each gap in the reported NSID list one NSID at a time. Every iteration calls nvme_find_get_ns() to look the namespace up and…"
2026-09-25T11:17:34.66Z,CVE-2026-98057,,,Received,,3,"In the Linux kernel, the following vulnerability has been resolved: ring-buffer: Add checking nr_subbufs to persistent ring buffer validation Sashiko reported that the code was using meta->nr_subbufs without making sure that it matched the nr_pages + 1 on data that was assuming the two were the sam…"
2026-09-25T11:17:34.767Z,CVE-2026-98058,,,Received,,2,"In the Linux kernel, the following vulnerability has been resolved: bpf: Mark syscall helpers as sleepable bpf_sys_bpf() executes the bpf(2) syscall body, which can take mutexes, allocate with GFP_KERNEL, and wait for an RCU grace period. bpf_sys_close() reaches close_fd() and filp_close(), which c…"
2026-09-25T11:17:34.873Z,CVE-2026-98059,,,Received,,4,"In the Linux kernel, the following vulnerability has been resolved: bpf: Mark sched_process_wait argument as nullable do_wait() passes wo->wo_pid to the sched_process_wait tracepoint. kernel_wait4() leaves wo_pid NULL for wait4(-1), and kernel_waitid_prepare() does likewise for waitid(P_ALL). btf_c…"
2026-09-25T11:17:35.11Z,CVE-2026-98061,,,Received,,3,"In the Linux kernel, the following vulnerability has been resolved: bpf: Reject tail calls directly from callback frames A tail call from a non-zero frame is modeled as a return from that frame. The verifier makes R0 unknown and calls prepare_func_exit() for the taken branch. When the current frame…"
2026-09-25T11:17:35.22Z,CVE-2026-98062,,,Received,,3,"In the Linux kernel, the following vulnerability has been resolved: bpf: Mark signal tracepoint siginfo arguments as scalar The signal_generate and signal_deliver tracepoints declare their info argument as a struct kernel_siginfo pointer. btf_ctx_access() therefore treats it as a trusted pointer fo…"
2026-09-25T11:17:35.327Z,CVE-2026-98063,,,Received,,4,"In the Linux kernel, the following vulnerability has been resolved: bpf: Fix NULL-ptr-deref in btf_var_show() btf_var_show() calls btf_type_id_resolve() unconditionally, which dereferences btf->resolved_ids. That is NULL for a base BTF - e.g. the vmlinux BTF that bpf_snprintf_btf() renders against…"
2026-09-25T11:17:35.437Z,CVE-2026-98064,,,Received,,4,"In the Linux kernel, the following vulnerability has been resolved: bpf: Fix NULL-ptr-deref when showing a void BTF type btf_modifier_show() resolves the modifier and then calls btf_type_ops(t)->show() unconditionally. For the void type (type_id 0, BTF_KIND_UNKN) kind_ops[] has no entry, so ->show…"
2026-09-25T11:17:35.553Z,CVE-2026-98065,,,Received,,2,"In the Linux kernel, the following vulnerability has been resolved: bpf: Reject key-less BTF for hash maps map_check_btf() allows a key-less BTF (btf_key_type_id == 0) only for maps that have a ->map_check_btf callback, and leaves the actual decision to that callback. Hash maps used to have no ->ma…"
2026-09-25T11:17:35.667Z,CVE-2026-98066,,,Received,,4,"In the Linux kernel, the following vulnerability has been resolved: ALSA: caiaq: Fix potential double-free at error path The fix for caiaq driver's resource management to handle the errors tries to release the resources in a common destructor call, but as a sashiko review for another patch suggeste…"
2026-09-25T11:17:35.787Z,CVE-2026-98067,,,Received,,3,"In the Linux kernel, the following vulnerability has been resolved: erofs: disable LZ4 rolling decompression for now LZ4 rolling decompression [1] was introduced to reduce the memory footprint of temporary pages: For many cases, it is needed for users to read small data within a compressed extent (…"
2026-09-25T11:17:35.903Z,CVE-2026-98068,,,Received,,4,"In the Linux kernel, the following vulnerability has been resolved: net/rds: don't let rds_conn_shutdown() consume a concurrent drop rds_conn_shutdown() finishes by moving the path from RDS_CONN_DISCONNECTING to RDS_CONN_DOWN, and also accepts RDS_CONN_ERROR as the starting state of that final tran…"
2026-09-25T11:17:35Z,CVE-2026-98060,,,Received,,3,"In the Linux kernel, the following vulnerability has been resolved: bpf: Reject resilient lock operations in rbtree callbacks __bpf_rbtree_add() keeps parent and link pointers live across calls to the program-supplied comparison callback. The verifier therefore requires the root's lock to remain he…"
2026-09-25T11:17:36.043Z,CVE-2026-98069,,,Received,,4,"In the Linux kernel, the following vulnerability has been resolved: net/rds: acquire the fastpath locks in rds_conn_shutdown() rds_conn_shutdown() quiesces the transmit and receive-refill paths by waiting for RDS_IN_XMIT and RDS_RECV_REFILL to be sampled clear, and then runs the transport shutdown…"
2026-09-25T11:17:36.193Z,CVE-2026-98070,,,Received,,4,"In the Linux kernel, the following vulnerability has been resolved: net/rds: acquire RDS_IN_XMIT in rds_tcp_reset_callbacks() rds_tcp_reset_callbacks() quiesces the transmit path by setting the path state to RDS_CONN_RESETTING and then waiting for RDS_IN_XMIT to be sampled clear before swapping the…"
2026-09-25T11:17:36.327Z,CVE-2026-98071,,,Received,,4,"In the Linux kernel, the following vulnerability has been resolved: net/rds: clear cp_flags bits individually in rds_conn_path_reset() rds_conn_path_reset() wipes the whole flag word with a plain cp->cp_flags = 0 store. Every other accessor of that word uses atomic bitops, and some of them can run…"
2026-09-25T11:17:36.45Z,CVE-2026-98072,,,Received,,4,"In the Linux kernel, the following vulnerability has been resolved: net/rds: use wq_has_sleeper() in release_in_xmit() release_in_xmit() clears RDS_IN_XMIT with clear_bit_unlock() and then checks waitqueue_active() to decide whether anyone needs waking. clear_bit_unlock() is only a release operatio…"
2026-09-25T11:17:36.593Z,CVE-2026-98073,,,Received,,3,"In the Linux kernel, the following vulnerability has been resolved: net: Remove conflicting altnames for dying netns in __dev_change_net_namespace(). syzbot reported the warning in cfg80211_pernet_exit(). [0] The repro does the following: 1. create two device in root netns and non-root netns 2. ass…"
2026-09-25T11:17:36.73Z,CVE-2026-98074,,,Received,,4,"In the Linux kernel, the following vulnerability has been resolved: bonding: do not clear curr_active_slave prematurely when releasing all slaves When releasing all slaves during bond destruction (all == true), __bond_release_one() unconditionally clears bond->curr_active_slave to NULL in every ite…"
2026-09-25T11:17:36.847Z,CVE-2026-98075,,,Received,,4,"In the Linux kernel, the following vulnerability has been resolved: bpf: reject BPF_PSEUDO_FUNC reference to the main program fixups.c:jit_subprogs() rewrites BPF_PSEUDO_FUNC loads to contain real function addresses. This function is invoked from bpf_jit_subprogs() only when env->subprog_cnt > 1. M…"
2026-09-25T11:17:36.963Z,CVE-2026-98076,,,Received,,4,"In the Linux kernel, the following vulnerability has been resolved: tracing/probes: Fix use-after-free on field name/type of events with multiple probes The fields of a probe-based dynamic event (kprobe, uprobe, eprobe and fprobe events) are created in traceprobe_define_arg_fields() by handing the…"
2026-09-25T11:17:37.09Z,CVE-2026-98077,,,Received,,4,"In the Linux kernel, the following vulnerability has been resolved: netfilter: nf_conntrack_sip: fix OOB read in sip_skip_whitespace() sip_skip_whitespace() returns dptr unchanged when its own loop exhausts the buffer (dptr == limit), instead of NULL like its sibling sip_follow_continuation() retur…"
2026-09-25T11:17:37.2Z,CVE-2026-98078,,,Received,,4,"In the Linux kernel, the following vulnerability has been resolved: ipvs: fix reversed sequence option serialization hton_seq() expects the host-order source first and the unaligned network-order destination second. The version 1 sync sender passes these arguments in reverse for both sequence block…"
2026-09-25T11:17:37.307Z,CVE-2026-98079,,,Received,,3,"In the Linux kernel, the following vulnerability has been resolved: btrfs: zstd: fix lost wakeup when waiting for a workspace A writer can sleep forever in zstd_get_workspace() even though a workspace is free. When zstd_alloc_workspace() fails, the task is queued on zwsm->wait and schedules uncondi…"
2026-09-25T11:17:37.417Z,CVE-2026-98080,,,Received,,4,"In the Linux kernel, the following vulnerability has been resolved: btrfs: do not force reloc root creation during qgroup_account_snapshot() [BUG] When running btrfs/252 with quota enabled through MKFS_OPTIONS=""-O quota"", it has a high chance to trigger the following kernel warning and flips the fs…"
2026-09-25T11:17:37.573Z,CVE-2026-98081,,,Received,,4,"In the Linux kernel, the following vulnerability has been resolved: btrfs: zoned: finish active block group cleanup if call_zone_finish() fails do_zone_finish() clears BLOCK_GROUP_FLAG_ZONE_IS_ACTIVE before finishing the zones. If call_zone_finish() then fails it returned early, leaving the now ina…"
2026-09-25T11:17:37.73Z,CVE-2026-98082,,,Received,,4,"In the Linux kernel, the following vulnerability has been resolved: btrfs: fix the possible bioc_list memory leak during error There are two possible ways to leak bioc memory on btrfs_ordered_extent::bioc_list: - An error occurred for btrfs_insert_one_raid_extent() Then the function btrfs_insert_ra…"
2026-09-25T11:17:37.86Z,CVE-2026-98083,,,Received,,4,"In the Linux kernel, the following vulnerability has been resolved: btrfs: fix transaction use-after-free in raid stripe insertion If allocation of a RAID stripe extent fails, btrfs_insert_one_raid_extent() aborts and ends the transaction before returning -ENOMEM. btrfs_finish_one_ordered(), the pr…"
2026-09-25T11:17:37.98Z,CVE-2026-98084,,,Received,,2,"In the Linux kernel, the following vulnerability has been resolved: bpf: backtracking shouldn't clear outer frame R1-R5 for callbacks When processing calls to bpf_loop() verifier marks R1 (and R4) as precise. R1 tracks loop iterations number and because of the 'callback_depth < R1' mechanics in che…"
2026-09-25T11:17:38.087Z,CVE-2026-98085,,,Received,,2,"In the Linux kernel, the following vulnerability has been resolved: bpf: backtrack_insn(): Handle ld_{abs,ind} subprog exit edge Nicholas Carlini reported a bug in precision backtracking mechanism for BPF_LD | BPF_{IND,ABS} instructions. These instructions are modelled as two branches: - fallthroug…"
2026-09-25T11:17:38.2Z,CVE-2026-98086,,,Received,,4,"In the Linux kernel, the following vulnerability has been resolved: ALSA: ump: do not touch legacy_rmidi before it exists snd_ump_parse_endpoint() sets ump->parsed on every exit, including error, before the caller attaches the legacy rawmidi device. ump_handle_ep_name_msg() then treats parsed as ""l…"
2026-09-25T11:17:38.343Z,CVE-2026-98087,,,Received,,3,"In the Linux kernel, the following vulnerability has been resolved: sched/rt,dl: Skip migrate-disabled tasks when picking a push candidate A migrate_disable()'d RT task cannot be moved to another CPU, but the scheduler still keeps such a task on that CPU's pushable list (rq->rt.pushable_tasks) and…"
2026-09-25T11:17:38.48Z,CVE-2026-98088,,,Received,,4,"In the Linux kernel, the following vulnerability has been resolved: scsi: mpt3sas: Avoid out-of-bounds cpumask_of_node() call in _base_assign_reply_queues() dev_to_node() can return NUMA_NO_NODE (-1) on systems without NUMA topology information for the PCI device, such as single-socket boards that…"
2026-09-25T11:17:38.59Z,CVE-2026-98089,,,Received,,4,"In the Linux kernel, the following vulnerability has been resolved: bonding: alb: fix uninitialized transport header access in alb_determine_nd() alb_determine_nd() uses icmp6_hdr(skb) to inspect ICMPv6 headers. However, in xmit paths (e.g. packets sent via AF_PACKET / raw sockets or forwarded pack…"
2026-09-25T11:17:38.697Z,CVE-2026-98090,,,Received,,4,"In the Linux kernel, the following vulnerability has been resolved: btrfs: restore active device pointers after failed sprout btrfs_init_new_device() switches latest_dev and possibly s_bdev from the seed device to the new sprout device before creating the first writable chunks. If chunk creation or…"
2026-09-25T11:17:38.807Z,CVE-2026-98091,,,Received,,4,"In the Linux kernel, the following vulnerability has been resolved: btrfs: detach failed sprout device from transaction update list When creating the first metadata chunk for a sprout filesystem, create_chunk() adds the new device to the transaction dev_update_list through device->post_commit_list.…"
2026-09-25T11:17:38.913Z,CVE-2026-98092,,,Received,,4,"In the Linux kernel, the following vulnerability has been resolved: ASoC: amd: yc: fix memory leak in acp6x_pdm_dma_close() acp6x_pdm_dma_close() does not free the runtime->private_data buffer allocated in acp6x_pdm_dma_open(). Add the missing kfree."
2026-09-25T11:17:39.023Z,CVE-2026-98093,,,Received,,3,"In the Linux kernel, the following vulnerability has been resolved: ASoC: fsl_micfil: balance mclk enable/disable hw_params() enables mclk unconditionally and hw_free() disables it unconditionally, but the PCM core does not guarantee 1:1 pairing: hw_free() can run without hw_params(), and hw_params…"
2026-09-25T11:17:39.133Z,CVE-2026-98094,,,Received,,4,"In the Linux kernel, the following vulnerability has been resolved: staging: fbtft: make dirty_lock IRQ-safe fbtft_mkdirty() can be reached from the fbcon rendering path while processing printk() in hardirq context. Meanwhile, dirty_lock is also taken by fbtft_deferred_io() in workqueue context wit…"
2026-09-25T11:17:39.243Z,CVE-2026-98095,,,Received,,4,"In the Linux kernel, the following vulnerability has been resolved: af_packet: Don't cast tpacket_hdr.tp_len to int in tpacket_parse_header(). syzbot reported BUG() in sock_sendmsg_nosec(). [0] The problem is that tpacket_parse_header() casts user-provided tpacket_hdr.tp_len, which is u32, to int.…"
2026-09-25T11:17:39.373Z,CVE-2026-98096,,,Received,,4,"In the Linux kernel, the following vulnerability has been resolved: ipv6: sr: restore network header before routing and forwarding ipv6_srh_rcv() runs with skb->data at the Segment Routing Header (SRH) while skb_network_header() points at the IPv6 header. When segments_left > 0, ipv6_srh_rcv() prev…"
2026-09-25T11:17:39.49Z,CVE-2026-98097,,,Received,,4,"In the Linux kernel, the following vulnerability has been resolved: tipc: Dont send random pad bytes in RESET/ACTIVATE messages The interface name is passed in a fixed length (TIPC_MAX_IF_NAME) buffer. Replace the strcpy(data, l->if_name) with memcpy() so that the pad bytes are actually written (l-…"
2026-09-25T11:17:39.597Z,CVE-2026-98098,,,Received,,4,"In the Linux kernel, the following vulnerability has been resolved: tipc: fix NULL deref in tipc_named_node_up() on empty publication list User-space applications can bind a large number of service addresses to one or more sockets. Each binding of a local-scope service address inserts one entry (pu…"
2026-09-25T11:17:39.723Z,CVE-2026-98099,,,Received,,2,"In the Linux kernel, the following vulnerability has been resolved: ipv6: mcast: use rcu_assign_pointer() for __rcu list updates Several places in net/ipv6/mcast.c update RCU-protected lists (np->ipv6_mc_list, idev->mc_list, idev->mc_tomb) using direct pointer assignments instead of rcu_assign_poin…"
2026-09-25T11:17:39.83Z,CVE-2026-98101,,,Received,,3,"In the Linux kernel, the following vulnerability has been resolved: ipv6: mcast: use copy-on-write RCU updates in ip6_mc_source() pmc->sflist is read locklessly under rcu_read_lock() by inet6_mc_check() during packet reception in the UDP and RAW multicast receive paths. ip6_mc_source() mutated psl-…"
2026-09-25T11:17:39.943Z,CVE-2026-98102,,,Received,,4,"In the Linux kernel, the following vulnerability has been resolved: ipv6: mcast: fix RCU list diversion in ip6_mc_del1_src() When removing a source filter whose count reaches zero, ip6_mc_del1_src() unlinks psf from pmc->mca_sources. If the filter was previously active, the code moved psf directly…"
2026-09-25T11:17:40.613Z,CVE-2026-98103,,,Received,,4,"In the Linux kernel, the following vulnerability has been resolved: igmp: convert struct ip_sf_list to RCU Commit 23d2b94043ca (""igmp: Add ip_mc_list lock in ip_check_mc_rcu"") added spin_lock_bh(&im->lock) to ip_check_mc_rcu() to prevent a use-after-free while iterating im->sources during concurren…"
2026-09-25T11:17:40.793Z,CVE-2026-98104,,,Received,,4,"In the Linux kernel, the following vulnerability has been resolved: net/sched: cls_u32: fix duplicate handle when node ID pool is exhausted gen_new_kid() falls back to returning max (htid | 0xFFF) when both idr_alloc_u32() ranges are full, instead of reporting an error. u32_change() trusts that val…"
2026-09-25T11:17:40.987Z,CVE-2026-98105,,,Received,,4,"In the Linux kernel, the following vulnerability has been resolved: net: ethernet: oa_tc6: Improve the error recovery When oversubscribed traffic causes lot of buffer overflow errors, probably due to loss of data chunks, driver fails to find a data chunk with end_valid bit set, before it runs out o…"
2026-09-25T11:17:41.11Z,CVE-2026-98106,,,Received,,2,"In the Linux kernel, the following vulnerability has been resolved: drm/pagemap: Prevent double migration of device pages A device-private folio migrated to system memory by a CPU fault can remain reachable through the raw-PFN eviction path until migration finalization drops the source reference. I…"
2026-09-25T11:17:41.743Z,CVE-2026-98107,,,Received,,4,"In the Linux kernel, the following vulnerability has been resolved: Bluetooth: L2CAP: fix out-of-bounds write in l2cap_ecred_connect l2cap_chan_connect() tries to ensure there are no more than L2CAP_ECRED_CONN_SCID_MAX pending ECRED channels, so they fit in the same L2CAP_ECRED_CONN_REQ that l2cap_…"
2026-09-25T11:17:41.863Z,CVE-2026-98108,,,Received,,4,"In the Linux kernel, the following vulnerability has been resolved: Bluetooth: L2CAP: fix chan mode for LE_CONN_REQ + EXT_FLOWCTL pchan l2cap_new_connection() sets default value of channel mode to match the parent channel. l2cap_le_connect_req() left this at the default, and created L2CAP_MODE_EXT_…"
2026-09-25T11:17:41.977Z,CVE-2026-98109,,,Received,,4,"In the Linux kernel, the following vulnerability has been resolved: Bluetooth: hci_core: Fix race condition during device registration In hci_register_dev(), the power_on work item is queued to hdev->req_workqueue before initializing hdev->adv_monitors_idr and registering the MSFT extension via msf…"
2026-09-25T11:17:42.113Z,CVE-2026-98110,,,Received,,4,"In the Linux kernel, the following vulnerability has been resolved: Bluetooth: btintel: bound firmware ID by TLV length The firmware ID is treated as a NUL-terminated string even though the TLV length is its only boundary. If the value does not contain a NUL terminator, snprintf() can read beyond t…"
2026-09-25T11:17:42.223Z,CVE-2026-98111,,,Received,,4,"In the Linux kernel, the following vulnerability has been resolved: Bluetooth: btintel: validate version TLV value lengths btintel_parse_version_tlv() verifies that a complete TLV is present in the response, but it does not ensure that the value is long enough for the specific TLV type. A short val…"
2026-09-25T11:17:42.34Z,CVE-2026-98112,,,Received,,2,"In the Linux kernel, the following vulnerability has been resolved: ksmbd: fix listener task lifetime on netdev events The listener thread exits when its listening socket is shutdown. The netdevice notifier shuts down the socket before calling kthread_stop(), so the task_struct can be freed before…"
2026-09-25T11:17:42.45Z,CVE-2026-98113,,,Received,,4,"In the Linux kernel, the following vulnerability has been resolved: ksmbd: rate limit unmapped SID errors A client can include many structurally valid but unmapped SIDs in a DACL. Logging every mapping failure lets one request generate hundreds of kernel error messages. Rate limit the message to pr…"
2026-09-25T11:17:42.56Z,CVE-2026-98114,,,Received,,4,"In the Linux kernel, the following vulnerability has been resolved: ksmbd: propagate DACL parsing errors parse_dacl() silently accepts truncated ACEs and allocation failures, allowing set_info_sec() to continue with an incomplete ACL conversion. Return parsing and allocation errors to parse_sec_des…"
2026-09-25T11:17:42.667Z,CVE-2026-98115,,,Received,,2,"In the Linux kernel, the following vulnerability has been resolved: ksmbd: safely drain sessions during logoff SMB3 multichannel allows requests for one session to run on multiple connections. Wait for all channels bound to a session before freeing shared session objects. A deferred byte-range lock…"
2026-09-25T11:17:42.78Z,CVE-2026-98116,,,Received,,4,"In the Linux kernel, the following vulnerability has been resolved: ALSA: pcm: Serialize PCM mmap with buffer reallocation to fix page UAF snd_pcm_hw_params() and snd_pcm_hw_free() guard buffer reallocation with an mmap_count check performed under the PCM stream lock, but the lock is released long…"
2026-09-25T11:17:42.92Z,CVE-2026-98117,,,Received,,3,"In the Linux kernel, the following vulnerability has been resolved: cachefiles: Fix potential UAF/KASAN warning Currently, trace_cachefiles_coherency() is being passed a pointer to a __be64 lain over the coherency data in struct cachefiles_xattr so that it can display the first 8 bytes. However, th…"
2026-09-25T11:17:43.03Z,CVE-2026-98118,,,Received,,2,"In the Linux kernel, the following vulnerability has been resolved: netfs: Fix readahead synchronisation issues by loading all folios upfront There are some synchronisation issues that derive from the app thread adding more folios to the rolling buffer whilst the collector thread is looking at them…"
2026-09-25T11:17:43.14Z,CVE-2026-98119,,,Received,,3,"In the Linux kernel, the following vulnerability has been resolved: netfs: break unbuffered write when netfs_alloc_subrequest() fails syzbot reported a null-ptr-deref below [1] following a fault injection in netfs_alloc_subrequest(). [0] When netfs_alloc_subrequest() fails, subreq is NULL. Later, n…"
2026-09-25T11:17:43.253Z,CVE-2026-98120,,,Received,,3,"In the Linux kernel, the following vulnerability has been resolved: netfs: Fix subreq ref leak Fix a subrequest ref leak in netfs_unbuffered_write() in the event that subreq->io_iter ends up zero length during preparation."
2026-09-25T11:17:43.36Z,CVE-2026-98121,,,Received,,4,"In the Linux kernel, the following vulnerability has been resolved: watchdog: msc313e: Fix NULL pointer dereference in PM callbacks msc313e_wdt_probe() doesn't set the driver data for the platform device. As a result, dev_get_drvdata() in msc313e_wdt_suspend() and msc313e_wdt_resume() will return N…"
2026-09-25T11:17:43.47Z,CVE-2026-98122,,,Received,,4,"In the Linux kernel, the following vulnerability has been resolved: vxlan: mdb: Fix use-after-free in vxlan_mdb_remote_src_del() vxlan_mdb_is_valid_source(), which validates MDBE_ATTR_SOURCE and every MDBE_ATTR_SRC_LIST member, accepts the all-zeros address. A source list is only accepted on a (*,…"
2026-09-25T11:17:43.6Z,CVE-2026-98123,,,Received,,4,"In the Linux kernel, the following vulnerability has been resolved: sctp: fix soft lockup from unpadded ASCONF-ACK parameter iteration sctp_verify_asconf() walks ASCONF-ACK parameters with sctp_walk_params(), which advances by SCTP_PAD4(length), while the consumer sctp_get_asconf_response() iterate…"
2026-09-25T11:17:43.72Z,CVE-2026-98124,,,Received,,2,"In the Linux kernel, the following vulnerability has been resolved: smb/client: invalidate fscache for fallocate range operations smb3_zero_range(), smb3_punch_hole(), smb3_insert_range(), and smb3_collapse_range() modify file contents through server-side range operations. These operations discard…"
2026-09-25T11:17:43.827Z,CVE-2026-98125,,,Received,,2,"In the Linux kernel, the following vulnerability has been resolved: smb/client: fix stale page cache in insert/collapse range smb3_insert_range() and smb3_collapse_range() use truncate_pagecache_range() to invalidate the affected page cache. However, if off or old_eof is not page-aligned, the bound…"
2026-09-25T11:17:43.94Z,CVE-2026-98126,,,Received,,4,"In the Linux kernel, the following vulnerability has been resolved: smb/client: validate new EOF for zero range When FALLOC_FL_ZERO_RANGE is used without FALLOC_FL_KEEP_SIZE, smb3_zero_range() may extend EOF without checking RLIMIT_FSIZE, allowing the file to grow beyond the caller's file-size limi…"
2026-09-25T11:17:44.05Z,CVE-2026-98127,,,Received,,4,"In the Linux kernel, the following vulnerability has been resolved: smb/client: validate new EOF for insert range smb3_insert_range() does not check if the new file size (i_size + len) is valid. This allows FALLOC_FL_INSERT_RANGE to bypass RLIMIT_FSIZE, exceed s_maxbytes, or produce a size outside…"
2026-09-25T11:17:44.163Z,CVE-2026-98128,,,Received,,4,"In the Linux kernel, the following vulnerability has been resolved: scsi: mpi3mr: Fix target device refcount leak in mpi3mr_sas_port_add() mpi3mr_get_tgtdev_by_addr() increments the target device kref when it returns a device. If a subsequent error triggers a goto out_fail after the tgtdev referenc…"
2026-09-25T11:17:44.27Z,CVE-2026-98129,,,Received,,4,"In the Linux kernel, the following vulnerability has been resolved: scsi: mpi3mr: Fix NULL pointer dereference in mpi3mr_sas_port_add() sas_port_alloc_num() can return NULL on memory allocation failure. The return value is passed directly to sas_port_add() without a NULL check, which causes a NULL…"
2026-09-25T11:17:44.38Z,CVE-2026-98130,,,Received,,4,"In the Linux kernel, the following vulnerability has been resolved: sctp: fix a TOCTOU race in SCTP_CMD_TIMER_START The SCTP_CMD_TIMER_START handler checks timer_pending() before calling timer_reduce(). The timer can expire and detach between these operations, causing timer_reduce() to rearm the ti…"
2026-09-25T11:17:44.5Z,CVE-2026-98131,,,Received,,2,"In the Linux kernel, the following vulnerability has been resolved: net: stmmac: fix dma mapping leak in stmmac_tso_xmit() In stmmac_tso_xmit(), if the DMA mapping of an skb fragment fails, the frame is dropped but the DMA mappings already created for the linear part and for the fragments mapped be…"
2026-09-25T11:17:44.603Z,CVE-2026-98132,,,Received,,2,"In the Linux kernel, the following vulnerability has been resolved: bpf: don't downgrade half-dead scalar zero spills to STACK_ZERO states.c:__clean_func_state() can downgrade scalar zero spill to STACK_ZERO in the following case: *(u64 *)(r10 - 8) = 0; ... checkpoint ... r1 = *(u32 *)(r10 - 4); ..…"
2026-09-25T11:17:44.71Z,CVE-2026-98133,,,Received,,2,"In the Linux kernel, the following vulnerability has been resolved: ntfs: leave HasEA flag untouched on setxattr failure In ntfs_set_ea(), the exit path unconditionally updates the HasEA flag based on ea_info_qsize. When an error occurs before ea_info_qsize is updated, NInoClearHasEA() hides existi…"
2026-09-25T11:17:44.82Z,CVE-2026-98134,,,Received,,2,"In the Linux kernel, the following vulnerability has been resolved: bpf: check_cond_jmp_op(): properly infer if register is null Nicholas Carlini reported a bug when verifier can incorrectly infer that a pointer is non-null. The bug occurs when two pointers are compared and one of them has a type w…"
2026-09-25T11:17:44.933Z,CVE-2026-98135,,,Received,,2,"In the Linux kernel, the following vulnerability has been resolved: ntfs: reject invalid sectors_per_cluster in the boot sector is_boot_sector_ntfs() checks the boot sector's sectors_per_cluster field with a range test that rejects 0x81..0xf3 but accepts 0 and other non-power-of-two counts. A zero…"
2026-09-25T11:17:45.043Z,CVE-2026-98136,,,Received,,2,"In the Linux kernel, the following vulnerability has been resolved: ntfs: bound $AttrDef table walk to the loaded table size ntfs_attr_find_in_attrdef() walks the in-memory $AttrDef table, but the loop condition bounds only the start of each entry, not the whole entry: for (ad = vol->attrdef; (u8 *…"
2026-09-25T11:17:45.16Z,CVE-2026-98137,,,Received,,2,"In the Linux kernel, the following vulnerability has been resolved: ntfs: treat any nonzero dio zero-range return as an error ntfs_dio_zero_range() returns either 0 or a negative errno from blkdev_issue_zeroout(); it never returns a positive value. The zeroing failure check in ntfs_attr_fallocate()…"
2026-09-25T11:17:45.273Z,CVE-2026-98138,,,Received,,2,"In the Linux kernel, the following vulnerability has been resolved: ntfs: do not mark the volume clean in sync_fs when errors were recorded ntfs_put_super() and the remount-read-only path both clear the dirty bit only when NVolErrors(vol) is false. ntfs_sync_fs() clears it unconditionally, so any s…"
2026-09-25T11:17:45.383Z,CVE-2026-98139,,,Received,,2,"In the Linux kernel, the following vulnerability has been resolved: ntfs: only count successfully cleared runs when freeing clusters ntfs_cluster_free_from_rl_nolock() adds a run's length to nr_freed whenever the error bookkeeping condition is false, which includes cases where ntfs_bitmap_clear_run…"
2026-09-25T11:17:45.497Z,CVE-2026-98140,,,Received,,2,"In the Linux kernel, the following vulnerability has been resolved: ntfs: fix kmap_local leak in write_mft_record_nolock() error paths write_mft_record_nolock() maps the MFT record folio with kmap_local_folio(), but the pre_write_mst_fixup() and bio_add_folio() failure paths jump to the error label…"
2026-09-25T11:17:45.603Z,CVE-2026-98141,,,Received,,2,"In the Linux kernel, the following vulnerability has been resolved: ntfs: propagate reparse index insertion failure update_reparse_data() ignores the return value of set_reparse_index(). When index insertion fails, the code removes the just-written reparse data as cleanup but still returns 0, so sy…"
2026-09-25T11:17:45.71Z,CVE-2026-98142,,,Received,,4,"In the Linux kernel, the following vulnerability has been resolved: drm/cirrus-qemu: Validate BAR0 size during probe The `cirrus-qemu` driver relies on `CIRRUS_VRAM_SIZE` (4 MB) to validate framebuffer sizes. However, during PCI probe, the driver mapped BAR0 without verifying that its size matches…"
2026-09-25T11:17:45.83Z,CVE-2026-98143,,,Received,,2,"In the Linux kernel, the following vulnerability has been resolved: accel: ethosu: Don't read the U65 rounding mode as a storage mode Bits 15:14 of NPU_SET_{IFM,OFM}_PRECISION select the activation storage mode on U85 only. On U65 the same field holds the rounding mode, and the command stream parse…"
2026-09-25T11:17:45.933Z,CVE-2026-98144,,,Received,,2,"In the Linux kernel, the following vulnerability has been resolved: accel/amdxdna: put the chained BO when its mapping fails amdxdna_cmd_set_error() looks up the first BO of a command chain, which takes a reference, and drops it at the end of the function. The mapping of that BO is established in b…"
2026-09-25T11:17:46.043Z,CVE-2026-98145,,,Received,,2,"In the Linux kernel, the following vulnerability has been resolved: accel/amdxdna: reject a command chain that carries no commands A chain whose command_count is zero passes the payload length check, because struct_size(payload, data, 0) is just the header. The fill loop then does not run, so offse…"
2026-09-25T11:17:46.147Z,CVE-2026-98146,,,Received,,3,"In the Linux kernel, the following vulnerability has been resolved: accel/amdxdna: Remove __counted_by from struct amdxdna_cmd_chain struct amdxdna_cmd_chain contains a flexible array annotated with __counted_by(command_count). Since the structure is stored in shared AMDXDNA_BO_SHARE memory, usersp…"
2026-09-25T11:17:46.257Z,CVE-2026-98147,,,Received,,2,"In the Linux kernel, the following vulnerability has been resolved: printk: Don't WARN on kthread_run failure. Since __kthread_create_on_node() returns -EINTR upon SIGKILL, we should not use WARN_ON() in order to catch kthread_run() failure."
2026-09-25T11:17:46.363Z,CVE-2026-98148,,,Received,,3,"In the Linux kernel, the following vulnerability has been resolved: drm/gud: validate GUD_ROTATION_0 is present in supported rotations The rotation argument to drm_plane_create_rotation_property() is set to DRM_MODE_ROTATE_0, and the device reported rotation bitmask is used as the supported_rotatio…"
2026-09-25T11:17:46.473Z,CVE-2026-98149,,,Received,,2,"In the Linux kernel, the following vulnerability has been resolved: bpf: Fix percpu map update indexing with sparse CPU IDs Per-CPU array, hash, and cgroup storage map updates without BPF_F_CPU or BPF_F_ALL_CPUS use a value buffer whose per-CPU slots are packed in possible-CPU order. The buffer is…"
2026-09-25T11:17:46.58Z,CVE-2026-98150,,,Received,,2,"In the Linux kernel, the following vulnerability has been resolved: bpf: Fix BPF_F_CPU validation for sparse CPU IDs BPF_F_CPU stores the target CPU ID in the upper 32 bits of the map operation flags. bpf_map_check_op_flags() currently compares that ID with num_possible_cpus(), which is the number…"
2026-09-25T11:17:46.693Z,CVE-2026-98151,,,Received,,4,"In the Linux kernel, the following vulnerability has been resolved: bpf: Fix REG INVARIANTS VIOLATION on speculative pointer arithmetic Take the following unprivileged program as an example: r0 = bpf_map_lookup_elem(...) /* PTR_TO_MAP_VALUE, offset 0 */ ... 14: r0 += r1 /* r1 is a bounded scalar */…"
2026-09-25T11:17:46.82Z,CVE-2026-98152,,,Received,,7,"In the Linux kernel, the following vulnerability has been resolved: nvmet-rdma: fix queue leak when connect backlog is exceeded When pending disconnecting queues exceed the backlog limit, the connect path only drops the device reference and leaks the newly allocated queue and its IB resources."
2026-09-25T11:17:46.937Z,CVE-2026-98153,,,Received,,2,"In the Linux kernel, the following vulnerability has been resolved: nvme: fix racy access to FDP placement id array nvme_query_fdp_info() is called per-path and therefore prone to races. It populates head->nr_plids/head->plids for fdp registration. But nothing protects that pair from concurrent acc…"
2026-09-25T11:17:47.043Z,CVE-2026-98154,,,Received,,4,"In the Linux kernel, the following vulnerability has been resolved: nvme-rdma: fix -EIO cleanup order in queue_rq On -EIO, the RDMA queue_rq path reports a host path error and then still cleans up the command and unmaps the SQE DMA. The path error helper completes the request, so that is double cle…"
2026-09-25T11:17:47.157Z,CVE-2026-98155,,,Received,,4,"In the Linux kernel, the following vulnerability has been resolved: accel/qaic: Address potential out-of-bounds read in resp_worker() Although 'commit 2feec5ae5df7 (""accel/qaic: Handle DBC deactivation if the owner went away"")' fixes the scenario it was intended for by walking the message and only…"
2026-09-25T11:17:47.28Z,CVE-2026-98156,,,Received,,3,"In the Linux kernel, the following vulnerability has been resolved: drm/virtio: use the DMA API for resource backing on Xen On a Xen PV domain page addresses bear no relation to the real machine addresses the host would have to use to reach it. virtio_ring.c handles this correctly, vring_use_map_ap…"
2026-09-25T11:17:47.397Z,CVE-2026-98157,,,Received,,4,"In the Linux kernel, the following vulnerability has been resolved: EDAC/device_sysfs: Use kstrtouint() for poll_msec to prevent truncation The poll_msec sysfs store file uses simple_strtoul() which accepts an unsigned long, but the target field (poll_msec) is unsigned int. On 64-bit systems, a val…"
2026-09-25T11:17:47.51Z,CVE-2026-98158,,,Received,,4,"In the Linux kernel, the following vulnerability has been resolved: ppp_async: drop the errored frame instead of resetting its headroom ppp_receive_nonmp_frame() prepends a two-byte direction tag before running the pass/active BPF filters: *(__be16 *)skb_push(skb, 2) = htons(PPP_FILTER_INBOUND_TAG)…"
2026-09-25T11:17:47.64Z,CVE-2026-98159,,,Received,,4,"In the Linux kernel, the following vulnerability has been resolved: wifi: mt76: mt7921: validate CLC firmware records The CLC region is supplied by firmware, but the loader trusts the region count and each record length. A malformed image can make the region table pointer precede the firmware buffe…"
